{
    "box model options": {
        "grid": "box",
        "chemistry time step [min]": 5.0,
        "output time step [min]": 5.0,
        "simulation length [day]": 5.0
    },
    "chemical species": {
        "BR": {
            "initial value [mol m-3]": "5.57E-13"
        },
        "BRCL": {
            "initial value [mol m-3]": "1.09E-17"
        },
        "BRO": {
            "initial value [mol m-3]": "7.43E-14"
        },
        "BRONO2": {
            "initial value [mol m-3]": "1.28E-20"
        },
        "CCL4": {
            "initial value [mol m-3]": "4.35E-32"
        },
        "CF2CLBR": {
            "initial value [mol m-3]": "4.66E-39"
        },
        "CF3BR": {
            "initial value [mol m-3]": "6.86E-26"
        },
        "CFC11": {
            "initial value [mol m-3]": "6.73E-23"
        },
        "CFC113": {
            "initial value [mol m-3]": "9.63E-17"
        },
        "CFC114": {
            "initial value [mol m-3]": "1.21E-13"
        },
        "CFC115": {
            "initial value [mol m-3]": "2.34E-13"
        },
        "CFC12": {
            "initial value [mol m-3]": "2.28E-15"
        },
        "CH2BR2": {
            "initial value [mol m-3]": "2.16E-39"
        },
        "CH2O": {
            "initial value [mol m-3]": "2.73E-12"
        },
        "CH3BR": {
            "initial value [mol m-3]": "5.81E-36"
        },
        "CH3CCL3": {
            "initial value [mol m-3]": "1.81E-31"
        },
        "CH3CL": {
            "initial value [mol m-3]": "2.83E-14"
        },
        "CH3O2": {
            "initial value [mol m-3]": "8.17E-13"
        },
        "CH3OOH": {
            "initial value [mol m-3]": "2.53E-13"
        },
        "CH4": {
            "initial value [mol m-3]": "1.40E-08"
        },
        "CHBR3": {
            "initial value [mol m-3]": "0.00E+00"
        },
        "CL": {
            "initial value [mol m-3]": "1.07E-12"
        },
        "CL2": {
            "initial value [mol m-3]": "3.17E-18"
        },
        "CL2O2": {
            "initial value [mol m-3]": "3.72E-19"
        },
        "CLO": {
            "initial value [mol m-3]": "2.92E-12"
        },
        "CLONO2": {
            "initial value [mol m-3]": "2.53E-17"
        },
        "CO": {
            "initial value [mol m-3]": "2.22E-09"
        },
        "CO2": {
            "initial value [mol m-3]": "1.28E-05"
        },
        "H": {
            "initial value [mol m-3]": "6.08E-13"
        },
        "H2": {
            "initial value [mol m-3]": "1.40E-08"
        },
        "H2402": {
            "initial value [mol m-3]": "3.10E-39"
        },
        "H2O": {
            "initial value [mol m-3]": "2.16E-07"
        },
        "H2O2": {
            "initial value [mol m-3]": "1.26E-12"
        },
        "HBR": {
            "initial value [mol m-3]": "2.18E-14"
        },
        "HCFC141B": {
            "initial value [mol m-3]": "3.01E-19"
        },
        "HCFC142B": {
            "initial value [mol m-3]": "2.58E-13"
        },
        "HCFC22": {
            "initial value [mol m-3]": "3.39E-12"
        },
        "HCL": {
            "initial value [mol m-3]": "9.71E-11"
        },
        "HNO3": {
            "initial value [mol m-3]": "3.07E-14"
        },
        "HO2": {
            "initial value [mol m-3]": "1.05E-11"
        },
        "HO2NO2": {
            "initial value [mol m-3]": "2.60E-16"
        },
        "HOBR": {
            "initial value [mol m-3]": "1.35E-16"
        },
        "HOCL": {
            "initial value [mol m-3]": "1.18E-13"
        },
        "N": {
            "initial value [mol m-3]": "3.66E-15"
        },
        "N2": {
            "initial value [mol m-3]": "2.54E-02"
        },
        "N2D": {
            "initial value [mol m-3]": "5.05E-25"
        },
        "N2O": {
            "initial value [mol m-3]": "1.33E-10"
        },
        "N2O5": {
            "initial value [mol m-3]": "2.21E-18"
        },
        "NO": {
            "initial value [mol m-3]": "3.65E-10"
        },
        "NO2": {
            "initial value [mol m-3]": "3.17E-12"
        },
        "NO3": {
            "initial value [mol m-3]": "2.43E-16"
        },
        "O": {
            "initial value [mol m-3]": "6.24E-09"
        },
        "O1D": {
            "initial value [mol m-3]": "5.12E-16"
        },
        "O2": {
            "initial value [mol m-3]": "6.81E-03"
        },
        "O3": {
            "initial value [mol m-3]": "6.58E-08"
        },
        "OCLO": {
            "initial value [mol m-3]": "1.02E-17"
        },
        "OH": {
            "initial value [mol m-3]": "2.30E-11"
        }
    },
    "environmental conditions": {
        "temperature": {
            "initial value [K]": 261.3383
        },
        "pressure": {
            "initial value [Pa]": 70.59565978
        }
    },
    "evolving conditions": {
        "Strat_50km_evolving.csv": {
        }
    },
    "model components": [
        {
            "type": "CAMP",
            "configuration file": "camp_data/config.json",
            "override species": {
                "M": {
                    "mixing ratio mol mol-1": 1.0
                }
            },
            "suppress output": {
                "M": {}
            }
        }
    ]
}