{"pmc-data": [{"name": "Chapman", "type": "MECHANISM", "reactions": [{"type": "PHOTOLYSIS", "reactants": {"O2": {}}, "products": {"O": {"yield": 2}}, "MUSICA name": "jo2_b"}, {"type": "PHOTOLYSIS", "reactants": {"O3": {}}, "products": {"O1D": {}, "O2": {}}, "MUSICA name": "jo3_a"}, {"type": "PHOTOLYSIS", "reactants": {"O3": {}}, "products": {"O": {}, "O2": {}}, "MUSICA name": "jo3_b"}, {"type": "ARRHENIUS", "reactants": {"O1D": {}, "N2": {}}, "products": {"O": {}, "N2": {}}, "A": 2.15e-11, "Ea": -1.518e-21}, {"type": "ARRHENIUS", "reactants": {"O1D": {}, "O2": {}}, "products": {"O": {}, "O2": {}}, "A": 3.3e-11, "Ea": -7.59e-22}, {"type": "ARRHENIUS", "reactants": {"O": {}, "O3": {}}, "products": {"O2": {"yield": 2.0}}, "A": 8e-12, "Ea": 2.8428e-20}, {"type": "ARRHENIUS", "reactants": {"O": {}, "O2": {}, "M": {}}, "products": {"O3": {}, "M": {}}, "A": 6e-34, "B": -2.4}]}]}