{"pmc-data": [{"name": "COF2", "type": "CHEM_SPEC", "description": "", "molecular weight [kg mol-1]": 0}, {"name": "O2", "type": "CHEM_SPEC", "description": "", "molecular weight [kg mol-1]": 0}, {"name": "COFCL", "type": "CHEM_SPEC", "description": "", "molecular weight [kg mol-1]": 0}, {"name": "F", "type": "CHEM_SPEC", "description": "", "molecular weight [kg mol-1]": 0}, {"name": "N2", "type": "CHEM_SPEC", "description": "", "molecular weight [kg mol-1]": 0}, {"name": "N2D", "type": "CHEM_SPEC", "description": "", "molecular weight [kg mol-1]": 0}, {"name": "H", "type": "CHEM_SPEC", "description": "", "molecular weight [kg mol-1]": 0.0010074}, {"name": "N2O5", "type": "CHEM_SPEC", "description": "dinitrogen pentoxide", "molecular weight [kg mol-1]": 0.10801}, {"name": "CCL4", "type": "CHEM_SPEC", "description": "", "molecular weight [kg mol-1]": 0.153822}, {"name": "HNO3", "type": "CHEM_SPEC", "description": "nitric acid", "molecular weight [kg mol-1]": 0.0630123}, {"name": "CH4", "type": "CHEM_SPEC", "description": "methane", "molecular weight [kg mol-1]": 0.0160406}, {"name": "CH3CL", "type": "CHEM_SPEC", "description": "", "molecular weight [kg mol-1]": 0.0504859}, {"name": "H2O", "type": "CHEM_SPEC", "description": "", "molecular weight [kg mol-1]": 0.0180142}, {"name": "NO2", "type": "CHEM_SPEC", "description": "nitrogen dioxide", "molecular weight [kg mol-1]": 0.0460055}, {"name": "CFC113", "type": "CHEM_SPEC", "description": "", "molecular weight [kg mol-1]": 0.187375}, {"name": "CH2BR2", "type": "CHEM_SPEC", "description": "", "molecular weight [kg mol-1]": 0.173834}, {"name": "NO", "type": "CHEM_SPEC", "description": "nitric oxide", "molecular weight [kg mol-1]": 0.0300061}, {"name": "BR", "type": "CHEM_SPEC", "description": "", "molecular weight [kg mol-1]": 0.079904}, {"name": "BRCL", "type": "CHEM_SPEC", "description": "", "molecular weight [kg mol-1]": 0.115357}, {"name": "BRO", "type": "CHEM_SPEC", "description": "", "molecular weight [kg mol-1]": 0.0959034}, {"name": "BRONO2", "type": "CHEM_SPEC", "description": "", "molecular weight [kg mol-1]": 0.141909}, {"name": "CF2CLBR", "type": "CHEM_SPEC", "description": "", "molecular weight [kg mol-1]": 0.165365}, {"name": "CF3BR", "type": "CHEM_SPEC", "description": "", "molecular weight [kg mol-1]": 0.14891}, {"name": "CFC11", "type": "CHEM_SPEC", "description": "", "molecular weight [kg mol-1]": 0.137368}, {"name": "CFC114", "type": "CHEM_SPEC", "description": "", "molecular weight [kg mol-1]": 0.170921}, {"name": "CFC115", "type": "CHEM_SPEC", "description": "", "molecular weight [kg mol-1]": 0.154467}, {"name": "CFC12", "type": "CHEM_SPEC", "description": "", "molecular weight [kg mol-1]": 0.120913}, {"name": "CH3BR", "type": "CHEM_SPEC", "description": "", "molecular weight [kg mol-1]": 0.0949372}, {"name": "CH3CCL3", "type": "CHEM_SPEC", "description": "", "molecular weight [kg mol-1]": 0.133402}, {"name": "CHBR3", "type": "CHEM_SPEC", "description": "", "molecular weight [kg mol-1]": 0.25273}, {"name": "CL", "type": "CHEM_SPEC", "description": "", "molecular weight [kg mol-1]": 0.0354527}, {"name": "CL2", "type": "CHEM_SPEC", "description": "", "molecular weight [kg mol-1]": 0.0709054}, {"name": "CL2O2", "type": "CHEM_SPEC", "description": "", "molecular weight [kg mol-1]": 0.102904}, {"name": "CLO", "type": "CHEM_SPEC", "description": "", "molecular weight [kg mol-1]": 0.0514521}, {"name": "CLONO2", "type": "CHEM_SPEC", "description": "", "molecular weight [kg mol-1]": 0.0974576}, {"name": "CO2", "type": "CHEM_SPEC", "description": "carbon dioxide", "molecular weight [kg mol-1]": 0.0440098}, {"name": "H2402", "type": "CHEM_SPEC", "description": "", "molecular weight [kg mol-1]": 0.259824}, {"name": "HCFC141B", "type": "CHEM_SPEC", "description": "", "molecular weight [kg mol-1]": 0.116948}, {"name": "HBR", "type": "CHEM_SPEC", "description": "", "molecular weight [kg mol-1]": 0.0809114}, {"name": "HCFC142B", "type": "CHEM_SPEC", "description": "", "molecular weight [kg mol-1]": 0.100494}, {"name": "HCFC22", "type": "CHEM_SPEC", "description": "", "molecular weight [kg mol-1]": 0.0864679}, {"name": "HOBR", "type": "CHEM_SPEC", "description": "", "molecular weight [kg mol-1]": 0.0969108}, {"name": "HOCL", "type": "CHEM_SPEC", "description": "", "molecular weight [kg mol-1]": 0.0524595}, {"name": "N", "type": "CHEM_SPEC", "description": "", "molecular weight [kg mol-1]": 0.0140067}, {"name": "O", "type": "CHEM_SPEC", "description": "ground state atomic oxygen", "molecular weight [kg mol-1]": 0.0159994}, {"name": "OCLO", "type": "CHEM_SPEC", "description": "", "molecular weight [kg mol-1]": 0.0674515}, {"name": "O1D", "type": "CHEM_SPEC", "description": "excited state atomic oxygen", "molecular weight [kg mol-1]": 0.0159994}, {"name": "HCL", "type": "CHEM_SPEC", "description": "", "molecular weight [kg mol-1]": 0.0364601}, {"name": "CH3O2", "type": "CHEM_SPEC", "description": "methylperoxy radical", "molecular weight [kg mol-1]": 0.047032}, {"name": "H2O2", "type": "CHEM_SPEC", "description": "hydrogen peroxide", "molecular weight [kg mol-1]": 0.0340136}, {"name": "CH2O", "type": "CHEM_SPEC", "description": "formaldehyde", "molecular weight [kg mol-1]": 0.0300252}, {"name": "CH3OOH", "type": "CHEM_SPEC", "description": "methyl hydroperoxide", "molecular weight [kg mol-1]": 0.0480394}, {"name": "N2O", "type": "CHEM_SPEC", "description": "nitrous oxide", "molecular weight [kg mol-1]": 0.0440129}, {"name": "HO2", "type": "CHEM_SPEC", "description": "hydroperoxyl radical", "molecular weight [kg mol-1]": 0.0330062}, {"name": "H2", "type": "CHEM_SPEC", "description": "", "molecular weight [kg mol-1]": 0.0020148}, {"name": "NO3", "type": "CHEM_SPEC", "description": "nitrate radical", "molecular weight [kg mol-1]": 0.0620049}, {"name": "OH", "type": "CHEM_SPEC", "description": "hydroxyl radical", "molecular weight [kg mol-1]": 0.0170068}, {"name": "O3", "type": "CHEM_SPEC", "description": "ozone", "molecular weight [kg mol-1]": 0.0479982}, {"name": "CO", "type": "CHEM_SPEC", "description": "carbon monoxide", "molecular weight [kg mol-1]": 0.0280104}, {"name": "HO2NO2", "type": "CHEM_SPEC", "description": "pernitric acid", "molecular weight [kg mol-1]": 0.0790117}, {"name": "M", "type": "CHEM_SPEC", "description": "third-body species"}]}