{"comments": ["This mechanism may contain refactored reactions based on custom", "rate constant functions in mo_usrrxt.F90 in the CAM source code.", "As this file could change at any time, it is important that you", "do an md5 checksum of mo_usrrxt.F90 from the version of CAM you", "are using. The value should be: 9783938d6c5977f1c3603cadfe254987"], "camp-data": [{"name": "MZ295_MA_nohet_20210622", "type": "MECHANISM", "reactions": [{"type": "ARRHENIUS", "A": 2.15e-11, "Ea": -1.51871e-21, "reactants": {"O1D": {}, "N2": {}}, "products": {"O": {}, "N2": {}}}, {"type": "ARRHENIUS", "A": 1.45e-12, "Ea": -3.03743e-21, "reactants": {"N": {}, "NO2": {}}, "products": {"N2": {}, "O2": {}}}, {"type": "ARRHENIUS", "A": 2.2e-11, "reactants": {"NO3": {}, "OH": {}}, "products": {"HO2": {}, "NO2": {}}}, {"type": "ARRHENIUS", "A": 3.4e-11, "Ea": 2.20904e-20, "reactants": {"O": {}, "CH2O": {}}, "products": {"HO2": {}, "OH": {}, "CO": {}}}, {"type": "PHOTOLYSIS", "reactants": {"O2": {}}, "products": {"O": {"yield": 2}}, "MUSICA name": "jo2_b"}, {"type": "ARRHENIUS", "A": 1.3e-12, "Ea": 2.44375e-20, "reactants": {"OH": {}, "HCFC142B": {}}, "products": {"CL": {}, "COF2": {}}}, {"type": "ARRHENIUS", "A": 1.17e-10, "reactants": {"CFC114": {}, "O1D": {}}, "products": {"CL": {"yield": 2}, "COF2": {"yield": 2}}}, {"type": "ARRHENIUS", "A": 3e-11, "reactants": {"O1D": {}, "HBR": {}}, "products": {"BRO": {}, "H": {}}}, {"type": "ARRHENIUS", "A": 2.8e-11, "Ea": -1.17355e-21, "reactants": {"O": {}, "CLO": {}}, "products": {"CL": {}, "O2": {}}}, {"type": "ARRHENIUS", "A": 7.1e-12, "Ea": 1.75342e-20, "reactants": {"CH4": {}, "CL": {}}, "products": {"CH3O2": {}, "HCL": {}}}, {"type": "ARRHENIUS", "A": 6.3e-12, "Ea": 1.10452e-20, "reactants": {"CH2BR2": {}, "CL": {}}, "products": {"BR": {"yield": 2}, "HCL": {}}}, {"type": "PHOTOLYSIS", "reactants": {"O3": {}}, "products": {"O1D": {}, "O2": {}}, "MUSICA name": "jo3_a"}, {"type": "ARRHENIUS", "A": 3e-12, "Ea": 6.90325e-21, "reactants": {"OH": {}, "HOCL": {}}, "products": {"H2O": {}, "CLO": {}}}, {"type": "PHOTOLYSIS", "MUSICA name": "jchbr3", "reactants": {"CHBR3": {}}, "products": {"BR": {"yield": 3}}}, {"type": "PHOTOLYSIS", "MUSICA name": "jch4_b", "reactants": {"CH4": {}}, "products": {"H2": {"yield": 1.44}, "CH2O": {"yield": 0.18}, "O": {"yield": 0.18}, "OH": {"yield": 0.33}, "H": {"yield": 0.33}, "CO2": {"yield": 0.44}, "CO": {"yield": 0.38}, "H2O": {"yield": 0.05}}}, {"type": "ARRHENIUS", "A": 4.8e-12, "Ea": 4.28001e-21, "reactants": {"BR": {}, "HO2": {}}, "products": {"HBR": {}, "O2": {}}}, {"type": "ARRHENIUS", "A": 1.63e-10, "Ea": -8.28389e-22, "reactants": {"H2O": {}, "O1D": {}}, "products": {"OH": {"yield": 2}}}, {"type": "ARRHENIUS", "A": 1.5e-11, "Ea": -2.3471e-21, "reactants": {"NO3": {}, "NO": {}}, "products": {"NO2": {"yield": 2}}}, {"type": "ARRHENIUS", "A": 6e-13, "Ea": -3.17549e-21, "reactants": {"OH": {}, "CLO": {}}, "products": {"HCL": {}, "O2": {}}}, {"type": "ARRHENIUS", "A": 1.8e-10, "reactants": {"CH3BR": {}, "O1D": {}}, "products": {"BR": {}}}, {"type": "ARRHENIUS", "A": 9.9e-11, "reactants": {"HCL": {}, "O1D": {}}, "products": {"CL": {}, "OH": {}}}, {"type": "ARRHENIUS", "A": 1.3e-12, "Ea": -5.24647e-21, "reactants": {"HO2NO2": {}, "OH": {}}, "products": {"H2O": {}, "NO2": {}, "O2": {}}}, {"type": "PHOTOLYSIS", "MUSICA name": "jbrono2_a", "reactants": {"BRONO2": {}}, "products": {"BR": {}, "NO3": {}}}, {"type": "TROE", "k0_A": 9e-32, "k0_B": -1.5, "kinf_A": 3e-11, "N": 0, "reactants": {"NO": {}, "O": {}}, "products": {"NO2": {}}}, {"type": "ARRHENIUS", "A": 7.65e-11, "reactants": {"O1D": {}, "HCFC22": {}}, "products": {"CL": {}, "COF2": {}}}, {"type": "ARRHENIUS", "A": 1.38889e+16, "Ea": 8.40401e-20, "reactants": {"CL2O2": {}, "M": {}}, "products": {"CLO": {"yield": 2}, "M": {}}}, {"type": "TROE", "k0_A": 1.9e-31, "k0_B": -3.4, "kinf_A": 4e-12, "N": 0.3, "reactants": {"NO2": {}, "HO2": {}}, "products": {"HO2NO2": {}}}, {"type": "PHOTOLYSIS", "MUSICA name": "jcf2clbr", "reactants": {"CF2CLBR": {}}, "products": {"BR": {}, "CL": {}, "COF2": {}}}, {"type": "PHOTOLYSIS", "MUSICA name": "jh2o_c", "reactants": {"H2O": {}}, "products": {"H": {"yield": 2}, "O": {}}}, {"type": "PHOTOLYSIS", "MUSICA name": "jbro", "reactants": {"BRO": {}}, "products": {"BR": {}, "O": {}}}, {"type": "ARRHENIUS", "A": 3.4e-12, "Ea": 1.79484e-21, "reactants": {"HOCL": {}, "CL": {}}, "products": {"HCL": {}, "CLO": {}}}, {"type": "ARRHENIUS", "A": 1.96e-12, "Ea": 1.65678e-20, "reactants": {"CH3CL": {}, "OH": {}}, "products": {"CL": {}, "H2O": {}, "HO2": {}}}, {"type": "PHOTOLYSIS", "MUSICA name": "jch2o_b", "reactants": {"CH2O": {}}, "products": {"CO": {}, "H2": {}}}, {"type": "PHOTOLYSIS", "MUSICA name": "jbrono2_b", "reactants": {"BRONO2": {}}, "products": {"BRO": {}, "NO2": {}}}, {"type": "PHOTOLYSIS", "MUSICA name": "jno=userdefined,", "reactants": {"NO": {}}, "products": {"N": {}, "O": {}}}, {"type": "ARRHENIUS", "A": 1.8e-12, "reactants": {"OH": {"qty": 2}}, "products": {"H2O": {}, "O": {}}}, {"type": "ARRHENIUS", "A": 2.03e-11, "Ea": 1.53252e-20, "reactants": {"CH3CL": {}, "CL": {}}, "products": {"HO2": {}, "CO": {}, "HCL": {"yield": 2}}}, {"type": "ARRHENIUS", "A": 3e-11, "Ea": 3.38259e-20, "reactants": {"CLO": {"qty": 2}}, "products": {"CL": {"yield": 2}, "O2": {}}}, {"type": "ARRHENIUS", "A": 1.42e-12, "Ea": 1.58775e-20, "reactants": {"CH3BR": {}, "OH": {}}, "products": {"BR": {}, "H2O": {}, "HO2": {}}}, {"type": "PHOTOLYSIS", "MUSICA name": "jh2o_b", "reactants": {"H2O": {}}, "products": {"H2": {}, "O1D": {}}}, {"type": "PHOTOLYSIS", "MUSICA name": "jcfc113", "reactants": {"CFC113": {}}, "products": {"CL": {"yield": 2}, "COFCL": {}, "COF2": {}}}, {"type": "PHOTOLYSIS", "MUSICA name": "jccl4", "reactants": {"CCL4": {}}, "products": {"CL": {"yield": 4}}}, {"type": "ARRHENIUS", "A": 1.5e-11, "Ea": 4.97034e-20, "reactants": {"N": {}, "O2": {}}, "products": {"NO": {}, "O": {}}}, {"type": "ARRHENIUS", "A": 2.57e-10, "reactants": {"CH2BR2": {}, "O1D": {}}, "products": {"BR": {"yield": 2}}}, {"type": "PHOTOLYSIS", "MUSICA name": "jno2", "reactants": {"NO2": {}}, "products": {"NO": {}, "O": {}}}, {"type": "ARRHENIUS", "A": 9.75e-11, "reactants": {"O1D": {}, "CF2CLBR": {}}, "products": {"CL": {}, "BR": {}, "COF2": {}}}, {"type": "ARRHENIUS", "A": 1e-11, "reactants": {"NO3": {}, "O": {}}, "products": {"NO2": {}, "O2": {}}}, {"type": "ARRHENIUS", "A": 1.64e-12, "Ea": 2.09859e-20, "reactants": {"CH3CCL3": {}, "OH": {}}, "products": {"H2O": {}, "CL": {"yield": 3}}}, {"type": "PHOTOLYSIS", "MUSICA name": "jch2br2", "reactants": {"CH2BR2": {}}, "products": {"BR": {"yield": 2}}}, {"type": "ARRHENIUS", "A": 1.794e-10, "reactants": {"O1D": {}, "HCFC141B": {}}, "products": {"CL": {}, "COFCL": {}}}, {"type": "ARRHENIUS", "A": 9e-12, "reactants": {"CH4": {}, "O1D": {}}, "products": {"CH2O": {}, "H2": {}}}, {"type": "PHOTOLYSIS", "MUSICA name": "jn2o", "reactants": {"N2O": {}}, "products": {"O1D": {}, "N2": {}}}, {"type": "PHOTOLYSIS", "MUSICA name": "jch2o_a", "reactants": {"CH2O": {}}, "products": {"CO": {}, "H": {"yield": 2}}}, {"type": "ARRHENIUS", "A": 2.3e-11, "Ea": 2.7613e-21, "reactants": {"O3": {}, "CL": {}}, "products": {"CLO": {}, "O2": {}}}, {"type": "ARRHENIUS", "A": 1.45e-12, "Ea": -3.03743e-21, "reactants": {"N": {}, "NO2": {}}, "products": {"NO": {"yield": 2}}}, {"type": "PHOTOLYSIS", "MUSICA name": "jhbr", "reactants": {"HBR": {}}, "products": {"BR": {}, "H": {}}}, {"type": "ARRHENIUS", "A": 1.4e-10, "Ea": 6.48905e-21, "reactants": {"H": {}, "O3": {}}, "products": {"OH": {}, "O2": {}}}, {"type": "TROE", "k0_A": 9.04762e-05, "k0_B": -3.4, "k0_C": -10900, "kinf_A": 1904760000000000.0, "kinf_C": -10900, "N": 0.3, "reactants": {"HO2NO2": {}}, "products": {"HO2": {}, "NO2": {}}}, {"type": "PHOTOLYSIS", "MUSICA name": "jhcfc22", "reactants": {"HCFC22": {}}, "products": {"CL": {}, "COF2": {}}}, {"type": "ARRHENIUS", "A": 1.7e-12, "Ea": 1.29781e-20, "reactants": {"OH": {}, "O3": {}}, "products": {"HO2": {}, "O2": {}}}, {"type": "ARRHENIUS", "A": 1.2e-13, "Ea": 3.38259e-20, "reactants": {"O3": {}, "NO2": {}}, "products": {"NO3": {}, "O2": {}}}, {"type": "ARRHENIUS", "A": 3.05e-11, "Ea": 3.13407e-20, "reactants": {"CL": {}, "H2": {}}, "products": {"HCL": {}, "H": {}}}, {"type": "ARRHENIUS", "A": 7.26e-11, "Ea": -2.7613e-22, "reactants": {"N2O": {}, "O1D": {}}, "products": {"NO": {"yield": 2}}}, {"type": "PHOTOLYSIS", "MUSICA name": "jch4_a", "reactants": {"CH4": {}}, "products": {"H": {}, "CH3O2": {}}}, {"type": "TROE", "k0_A": 5.2e-31, "k0_B": -3.2, "kinf_A": 6.9e-12, "N": 2.9, "reactants": {"BRO": {}, "NO2": {}}, "products": {"BRONO2": {}}}, {"type": "PHOTOLYSIS", "MUSICA name": "jhobr", "reactants": {"HOBR": {}}, "products": {"BR": {}, "OH": {}}}, {"type": "ARRHENIUS", "A": 8e-12, "Ea": 2.84414e-20, "reactants": {"O": {}, "O3": {}}, "products": {"O2": {"yield": 2}}}, {"type": "PHOTOLYSIS", "MUSICA name": "jno3_a", "reactants": {"NO3": {}}, "products": {"NO2": {}, "O": {}}}, {"type": "PHOTOLYSIS", "MUSICA name": "jh2o_a", "reactants": {"H2O": {}}, "products": {"OH": {}, "H": {}}}, {"type": "ARRHENIUS", "A": 1.8e-11, "Ea": -2.48517e-21, "reactants": {"OH": {}, "O": {}}, "products": {"H": {}, "O2": {}}}, {"type": "ARRHENIUS", "A": 6e-34, "B": -2.4, "reactants": {"O2": {}, "M": {}, "O": {}}, "products": {"O3": {}, "M": {}}}, {"type": "ARRHENIUS", "A": 1.7e-11, "Ea": -3.45162e-21, "reactants": {"OH": {}, "BRO": {}}, "products": {"BR": {}, "HO2": {}}}, {"type": "ARRHENIUS", "A": 6.4e-12, "Ea": -4.00388e-21, "reactants": {"NO": {}, "CLO": {}}, "products": {"NO2": {}, "CL": {}}}, {"type": "ARRHENIUS", "A": 8.8e-12, "Ea": -3.58969e-21, "reactants": {"NO": {}, "BRO": {}}, "products": {"BR": {}, "NO2": {}}}, {"type": "TROE", "k0_A": 1.8e-30, "k0_B": -3, "kinf_A": 2.8e-11, "N": 0, "reactants": {"OH": {}, "NO2": {}}, "products": {"HNO3": {}}}, {"type": "TROE", "k0_A": 5.9e-33, "k0_B": -1, "kinf_A": 1.1e-12, "N": -1.3, "reactants": {"OH": {}, "CO": {}}, "products": {"CO2": {}, "HO2": {}}}, {"type": "ARRHENIUS", "A": 3e-13, "Ea": -6.35099e-21, "reactants": {"HO2": {"qty": 2}}, "products": {"H2O2": {}, "O2": {}}}, {"type": "ARRHENIUS", "A": 2.1e-33, "Ea": -1.2702e-20, "reactants": {"HO2": {"qty": 2}, "M": {}}, "products": {"H2O2": {}, "O2": {}, "M": {}}}, {"type": "ARRHENIUS", "A": 4.2e-34, "Ea": -3.67253e-20, "reactants": {"HO2": {"qty": 2}, "H2O": {}}, "products": {"H2O2": {}, "O2": {}, "H2O": {}}}, {"type": "ARRHENIUS", "A": 2.94e-54, "Ea": -4.30762e-20, "reactants": {"HO2": {"qty": 2}, "M": {}, "H2O": {}}, "products": {"H2O2": {}, "O2": {}, "M": {}, "H2O": {}}}, {"type": "TROE", "k0_A": 6.9e-31, "k0_B": -1, "kinf_A": 2.6e-11, "N": 0, "reactants": {"OH": {"qty": 2}}, "products": {"H2O2": {}}}, {"type": "TROE", "k0_A": 1.8e-31, "k0_B": -3.4, "kinf_A": 1.5e-11, "N": 1.9, "reactants": {"CLO": {}, "NO2": {}}, "products": {"CLONO2": {}}}, {"type": "ARRHENIUS", "A": 3e-11, "Ea": -2.7613e-21, "reactants": {"O": {}, "HO2": {}}, "products": {"OH": {}, "O2": {}}}, {"type": "PHOTOLYSIS", "MUSICA name": "jcl2", "reactants": {"CL2": {}}, "products": {"CL": {"yield": 2}}}, {"type": "ARRHENIUS", "A": 1.204e-10, "reactants": {"CFC12": {}, "O1D": {}}, "products": {"CL": {"yield": 2}, "COF2": {}}}, {"type": "ARRHENIUS", "A": 1.9e-11, "Ea": -3.17549e-21, "reactants": {"O": {}, "BRO": {}}, "products": {"BR": {}, "O2": {}}}, {"type": "ARRHENIUS", "A": 6.9e-12, "reactants": {"H": {}, "HO2": {}}, "products": {"H2": {}, "O2": {}}}, {"type": "ARRHENIUS", "A": 5.5e-12, "Ea": -2.7613e-21, "reactants": {"OH": {}, "HBR": {}}, "products": {"BR": {}, "H2O": {}}}, {"type": "PHOTOLYSIS", "MUSICA name": "jhcfc142b", "reactants": {"HCFC142B": {}}, "products": {"CL": {}, "COF2": {}}}, {"type": "TROE", "k0_A": 0.000413793, "k0_B": -3, "k0_C": -10840, "kinf_A": 275862000000000.0, "kinf_C": -10840, "N": -0.1, "reactants": {"N2O5": {}}, "products": {"NO2": {}, "NO3": {}}}, {"type": "ARRHENIUS", "A": 1.2e-10, "reactants": {"O1D": {}, "H2": {}}, "products": {"H": {}, "OH": {}}}, {"type": "ARRHENIUS", "A": 9.2e-13, "Ea": 2.15381e-20, "reactants": {"OH": {}, "HCFC22": {}}, "products": {"H2O": {}, "CL": {}, "COF2": {}}}, {"type": "PHOTOLYSIS", "MUSICA name": "jh2o2", "reactants": {"H2O2": {}}, "products": {"OH": {"yield": 2}}}, {"type": "TROE", "k0_A": 4.4e-32, "k0_B": -1.3, "kinf_A": 7.5e-11, "N": -0.2, "reactants": {"O2": {}, "H": {}}, "products": {"HO2": {}}}, {"type": "ARRHENIUS", "A": 1.7e-13, "reactants": {"O": {}, "HOCL": {}}, "products": {"CLO": {}, "OH": {}}}, {"type": "ARRHENIUS", "A": 5e-11, "reactants": {"OH": {}, "N": {}}, "products": {"NO": {}, "H": {}}}, {"type": "ARRHENIUS", "A": 4.644e-11, "reactants": {"CFC115": {}, "O1D": {}}, "products": {"CL": {}, "F": {}, "COF2": {"yield": 2}}}, {"type": "PHOTOLYSIS", "MUSICA name": "joclo", "reactants": {"OCLO": {}}, "products": {"O": {}, "CLO": {}}}, {"type": "PHOTOLYSIS", "MUSICA name": "jhno3", "reactants": {"HNO3": {}}, "products": {"NO2": {}, "OH": {}}}, {"type": "TROE", "k0_A": 1.9e-32, "k0_B": -3.6, "kinf_A": 3.7e-12, "N": 1.6, "reactants": {"CLO": {"qty": 2}}, "products": {"CL2O2": {}}}, {"type": "ARRHENIUS", "A": 1.4e-11, "Ea": -3.72775e-21, "reactants": {"CL": {}, "HO2": {}}, "products": {"HCL": {}, "O2": {}}}, {"type": "ARRHENIUS", "A": 2.9e-12, "Ea": -3.03743e-21, "reactants": {"N": {}, "NO2": {}}, "products": {"N2O": {}, "O": {}}}, {"type": "PHOTOLYSIS", "MUSICA name": "jco2", "reactants": {"CO2": {}}, "products": {"CO": {}, "O": {}}}, {"type": "ARRHENIUS", "A": 2.07e-10, "reactants": {"O1D": {}, "CFC11": {}}, "products": {"CL": {"yield": 2}, "COFCL": {}}}, {"type": "ARRHENIUS", "A": 9e-11, "reactants": {"O1D": {}, "HBR": {}}, "products": {"BR": {}, "OH": {}}}, {"type": "PHOTOLYSIS", "MUSICA name": "jn2o5_b", "reactants": {"N2O5": {}}, "products": {"NO": {}, "O": {}, "NO3": {}}}, {"type": "PHOTOLYSIS", "MUSICA name": "jcfc115", "reactants": {"CFC115": {}}, "products": {"CL": {}, "F": {}, "COF2": {"yield": 2}}}, {"type": "ARRHENIUS", "A": 2.8e-12, "Ea": 2.48517e-20, "reactants": {"OH": {}, "H2": {}}, "products": {"H2O": {}, "H": {}}}, {"type": "ARRHENIUS", "A": 1.6e-12, "reactants": {"H": {}, "HO2": {}}, "products": {"H2O": {}, "O": {}}}, {"type": "PHOTOLYSIS", "MUSICA name": "jhcfc141b", "reactants": {"HCFC141B": {}}, "products": {"CL": {}, "COFCL": {}}}, {"type": "ARRHENIUS", "A": 3.5e-11, "reactants": {"CH4": {}, "O1D": {}}, "products": {"CH2O": {}, "H": {}, "HO2": {}}}, {"type": "ARRHENIUS", "A": 2.45e-12, "Ea": 2.45065e-20, "reactants": {"CH4": {}, "OH": {}}, "products": {"CH3O2": {}, "H2O": {}}}, {"type": "ARRHENIUS", "A": 5e-12, "reactants": {"N2D": {}, "O2": {}}, "products": {"NO": {}, "O1D": {}}}, {"type": "PHOTOLYSIS", "MUSICA name": "jclono2_a", "reactants": {"CLONO2": {}}, "products": {"CL": {}, "NO3": {}}}, {"type": "ARRHENIUS", "A": 4.8e-11, "Ea": -3.45162e-21, "reactants": {"OH": {}, "HO2": {}}, "products": {"H2O": {}, "O2": {}}}, {"type": "ARRHENIUS", "A": 1e-11, "Ea": 4.55614e-20, "reactants": {"HCL": {}, "O": {}}, "products": {"CL": {}, "OH": {}}}, {"type": "ARRHENIUS", "A": 1.5e-12, "Ea": -3.17549e-21, "reactants": {"BRO": {"qty": 2}}, "products": {"BR": {"yield": 2}, "O2": {}}}, {"type": "ARRHENIUS", "A": 1.7e-11, "Ea": 1.10452e-20, "reactants": {"BR": {}, "CH2O": {}}, "products": {"HBR": {}, "HO2": {}, "CO": {}}}, {"type": "ARRHENIUS", "A": 4.5e-12, "Ea": -6.35099e-21, "reactants": {"BRO": {}, "HO2": {}}, "products": {"HOBR": {}, "O2": {}}}, {"type": "ARRHENIUS", "A": 4.1e-13, "Ea": -1.03549e-20, "reactants": {"CH3O2": {}, "HO2": {}}, "products": {"CH3OOH": {}, "O2": {}}}, {"type": "PHOTOLYSIS", "MUSICA name": "jcf3br", "reactants": {"CF3BR": {}}, "products": {"BR": {}, "F": {}, "COF2": {}}}, {"type": "ARRHENIUS", "A": 2.76e-34, "Ea": -9.94067e-21, "reactants": {"O": {"qty": 2}, "M": {}}, "products": {"O2": {}, "M": {}}}, {"type": "ARRHENIUS", "A": 7.4e-12, "Ea": -3.72775e-21, "reactants": {"OH": {}, "CLO": {}}, "products": {"CL": {}, "HO2": {}}}, {"type": "ARRHENIUS", "A": 1.1e-11, "Ea": 1.35304e-20, "reactants": {"CL": {}, "H2O2": {}}, "products": {"HCL": {}, "HO2": {}}}, {"type": "ARRHENIUS", "A": 1.6e-11, "Ea": 1.07691e-20, "reactants": {"BR": {}, "O3": {}}, "products": {"BRO": {}, "O2": {}}}, {"type": "PHOTOLYSIS", "MUSICA name": "jch3cl", "reactants": {"CH3CL": {}}, "products": {"CL": {}, "CH3O2": {}}}, {"type": "PHOTOLYSIS", "MUSICA name": "jhcl", "reactants": {"HCL": {}}, "products": {"H": {}, "CL": {}}}, {"type": "PHOTOLYSIS", "MUSICA name": "jch3ccl3", "reactants": {"CH3CCL3": {}}, "products": {"CL": {"yield": 3}}}, {"type": "ARRHENIUS", "A": 2.8e-12, "Ea": -4.14195e-21, "reactants": {"CH3O2": {}, "NO": {}}, "products": {"CH2O": {}, "NO2": {}, "HO2": {}}}, {"type": "ARRHENIUS", "A": 6.6e-12, "Ea": -7.59357e-22, "reactants": {"O1D": {}, "O2": {}}, "products": {"O": {}, "O2": {}}}, {"type": "ARRHENIUS", "A": 1.2e-12, "Ea": 4.55614e-21, "reactants": {"CLONO2": {}, "OH": {}}, "products": {"HOCL": {}, "NO3": {}}}, {"type": "PHOTOLYSIS", "MUSICA name": "jbrcl", "reactants": {"BRCL": {}}, "products": {"BR": {}, "CL": {}}}, {"type": "ARRHENIUS", "A": 3.3e-12, "reactants": {"HCL": {}, "O1D": {}}, "products": {"CLO": {}, "H": {}}}, {"type": "ARRHENIUS", "A": 1.2e-10, "reactants": {"H2402": {}, "O1D": {}}, "products": {"BR": {"yield": 2}, "COF2": {"yield": 2}}}, {"type": "ARRHENIUS", "A": 3.8e-12, "Ea": -2.7613e-21, "reactants": {"OH": {}, "CH3OOH": {}}, "products": {"CH3O2": {"yield": 0.7}, "OH": {"yield": 0.3}, "CH2O": {"yield": 0.3}, "H2O": {}}}, {"type": "ARRHENIUS", "A": 5.1e-12, "Ea": -2.89936e-21, "reactants": {"O": {}, "NO2": {}}, "products": {"NO": {}, "O2": {}}}, {"type": "PHOTOLYSIS", "MUSICA name": "jcfc114", "reactants": {"CFC114": {}}, "products": {"CL": {"yield": 2}, "COF2": {"yield": 2}}}, {"type": "PHOTOLYSIS", "MUSICA name": "jho2no2_b", "reactants": {"HO2NO2": {}}, "products": {"NO2": {}, "HO2": {}}}, {"type": "ARRHENIUS", "A": 1.25e-12, "Ea": 2.20904e-20, "reactants": {"OH": {}, "HCFC141B": {}}, "products": {"CL": {}, "COFCL": {}}}, {"type": "ARRHENIUS", "A": 2.3e-12, "Ea": -3.58969e-21, "reactants": {"BRO": {}, "CLO": {}}, "products": {"BR": {}, "CL": {}, "O2": {}}}, {"type": "PHOTOLYSIS", "MUSICA name": "jhocl", "reactants": {"HOCL": {}}, "products": {"OH": {}, "CL": {}}}, {"type": "ARRHENIUS", "A": 2.607e-10, "reactants": {"O1D": {}, "CCL4": {}}, "products": {"CL": {"yield": 4}}}, {"type": "PHOTOLYSIS", "MUSICA name": "jo3_b", "reactants": {"O3": {}}, "products": {"O": {}, "O2": {}}}, {"type": "ARRHENIUS", "A": 1e-14, "Ea": 6.76518e-21, "reactants": {"O3": {}, "HO2": {}}, "products": {"OH": {}, "O2": {"yield": 2}}}, {"type": "PHOTOLYSIS", "MUSICA name": "jcf2cl2", "reactants": {"CFC12": {}}, "products": {"CL": {"yield": 2}, "COF2": {}}}, {"type": "ARRHENIUS", "A": 4.62e-10, "reactants": {"CHBR3": {}, "O1D": {}}, "products": {"BR": {"yield": 3}}}, {"type": "PHOTOLYSIS", "MUSICA name": "jno3_b", "reactants": {"NO3": {}}, "products": {"NO": {}, "O2": {}}}, {"type": "PHOTOLYSIS", "MUSICA name": "jclo", "reactants": {"CLO": {}}, "products": {"CL": {}, "O": {}}}, {"type": "PHOTOLYSIS", "MUSICA name": "jch3ooh", "reactants": {"CH3OOH": {}}, "products": {"CH2O": {}, "H": {}, "OH": {}}}, {"type": "ARRHENIUS", "A": 4.5e-11, "reactants": {"O1D": {}, "CF3BR": {}}, "products": {"BR": {}, "F": {}, "COF2": {}}}, {"type": "ARRHENIUS", "A": 1.31e-10, "reactants": {"CH4": {}, "O1D": {}}, "products": {"CH3O2": {}, "OH": {}}}, {"type": "ARRHENIUS", "A": 1.46e-11, "Ea": 1.43587e-20, "reactants": {"CH3BR": {}, "CL": {}}, "products": {"HCL": {}, "HO2": {}, "BR": {}}}, {"type": "ARRHENIUS", "A": 2.4e-14, "Ea": -6.35099e-21, "reactants": {"HNO3": {}, "OH": {}}, "products": {"NO3": {}, "H2O": {}}}, {"type": "TROE", "k0_A": 6.5e-34, "k0_C": 1335, "kinf_A": 2.7e-17, "kinf_C": 2199, "Fc": 1, "reactants": {"HNO3": {}, "OH": {}}, "products": {"NO3": {}, "H2O": {}}}, {"type": "PHOTOLYSIS", "MUSICA name": "jho2no2_a", "reactants": {"HO2NO2": {}}, "products": {"OH": {}, "NO3": {}}}, {"type": "PHOTOLYSIS", "MUSICA name": "jch3br", "reactants": {"CH3BR": {}}, "products": {"BR": {}, "CH3O2": {}}}, {"type": "ARRHENIUS", "A": 2.6e-12, "Ea": -4.00388e-21, "reactants": {"CLO": {}, "HO2": {}}, "products": {"O2": {}, "HOCL": {}}}, {"type": "PHOTOLYSIS", "MUSICA name": "jclono2_b", "reactants": {"CLONO2": {}}, "products": {"CLO": {}, "NO2": {}}}, {"type": "ARRHENIUS", "A": 2.1e-11, "Ea": -1.38065e-21, "reactants": {"NO": {}, "N": {}}, "products": {"N2": {}, "O": {}}}, {"type": "ARRHENIUS", "A": 5.5e-12, "Ea": -1.72581e-21, "reactants": {"OH": {}, "CH2O": {}}, "products": {"CO": {}, "H2O": {}, "H": {}}}, {"type": "ARRHENIUS", "A": 1.9e-11, "Ea": -2.9684e-21, "reactants": {"O": {}, "BRONO2": {}}, "products": {"BRO": {}, "NO3": {}}}, {"type": "ARRHENIUS", "A": 7e-13, "reactants": {"N2D": {}, "O": {}}, "products": {"N": {}, "O": {}}}, {"type": "ARRHENIUS", "A": 6e-13, "Ea": 2.84138e-20, "reactants": {"NO3": {}, "CH2O": {}}, "products": {"CO": {}, "HO2": {}, "HNO3": {}}}, {"type": "ARRHENIUS", "A": 8.1e-11, "Ea": 4.14195e-22, "reactants": {"CL": {}, "CH2O": {}}, "products": {"HCL": {}, "HO2": {}, "CO": {}}}, {"type": "PHOTOLYSIS", "MUSICA name": "jo2_a=userdefined,", "reactants": {"O2": {}}, "products": {"O": {}, "O1D": {}}}, {"type": "PHOTOLYSIS", "MUSICA name": "jn2o5_a", "reactants": {"N2O5": {}}, "products": {"NO2": {}, "NO3": {}}}, {"type": "TERNARY_CHEMICAL_ACTIVATION", "k0_A": 1.5e-13, "kinf_A": 2100000000.0, "kinf_B": 6.1, "reactants": {"OH": {}, "CO": {}}, "products": {"CO2": {}, "H": {}}}, {"type": "ARRHENIUS", "A": 4.1e-13, "Ea": -4.00388e-21, "reactants": {"BRO": {}, "CLO": {}}, "products": {"BRCL": {}, "O2": {}}}, {"type": "ARRHENIUS", "A": 1e-12, "Ea": 2.19523e-20, "reactants": {"CLO": {"qty": 2}}, "products": {"CL2": {}, "O2": {}}}, {"type": "ARRHENIUS", "A": 3e-12, "Ea": 2.07097e-20, "reactants": {"NO": {}, "O3": {}}, "products": {"NO2": {}, "O2": {}}}, {"type": "ARRHENIUS", "A": 1.4e-12, "Ea": 2.7613e-20, "reactants": {"O": {}, "H2O2": {}}, "products": {"OH": {}, "HO2": {}}}, {"type": "PHOTOLYSIS", "MUSICA name": "jh2402", "reactants": {"H2402": {}}, "products": {"BR": {"yield": 2}, "COF2": {"yield": 2}}}, {"type": "ARRHENIUS", "A": 4.64e-11, "Ea": -2.7613e-22, "reactants": {"N2O": {}, "O1D": {}}, "products": {"N2": {}, "O2": {}}}, {"type": "PHOTOLYSIS", "MUSICA name": "jcl2o2", "reactants": {"CL2O2": {}}, "products": {"CL": {"yield": 2}}}, {"type": "ARRHENIUS", "A": 1.2e-10, "Ea": 5.93679e-21, "reactants": {"HOBR": {}, "O": {}}, "products": {"BRO": {}, "OH": {}}}, {"type": "ARRHENIUS", "A": 9.5e-13, "Ea": -7.59357e-21, "reactants": {"BRO": {}, "CLO": {}}, "products": {"BR": {}, "OCLO": {}}}, {"type": "ARRHENIUS", "A": 3.5e-12, "reactants": {"NO3": {}, "HO2": {}}, "products": {"OH": {}, "NO2": {}, "O2": {}}}, {"type": "ARRHENIUS", "A": 2e-12, "Ea": 1.15975e-20, "reactants": {"CH2BR2": {}, "OH": {}}, "products": {"BR": {"yield": 2}, "H2O": {}}}, {"type": "ARRHENIUS", "A": 1.8e-12, "reactants": {"OH": {}, "H2O2": {}}, "products": {"H2O": {}, "HO2": {}}}, {"type": "ARRHENIUS", "A": 7.2e-11, "reactants": {"H": {}, "HO2": {}}, "products": {"OH": {"yield": 2}}}, {"type": "ARRHENIUS", "A": 1.8e-12, "Ea": 3.45162e-21, "reactants": {"HCL": {}, "OH": {}}, "products": {"H2O": {}, "CL": {}}}, {"type": "ARRHENIUS", "A": 2.088e-10, "reactants": {"CFC113": {}, "O1D": {}}, "products": {"CL": {"yield": 2}, "COFCL": {}, "COF2": {}}}, {"type": "ARRHENIUS", "A": 9e-13, "Ea": 4.97034e-21, "reactants": {"CHBR3": {}, "OH": {}}, "products": {"BR": {"yield": 3}}}, {"type": "ARRHENIUS", "A": 4.85e-12, "Ea": 1.17355e-20, "reactants": {"CHBR3": {}, "CL": {}}, "products": {"BR": {"yield": 3}, "HCL": {}}}, {"type": "ARRHENIUS", "A": 3.6e-12, "Ea": 1.15975e-20, "reactants": {"CLONO2": {}, "O": {}}, "products": {"CLO": {}, "NO3": {}}}, {"type": "ARRHENIUS", "A": 1.6e-11, "Ea": 6.30957e-20, "reactants": {"O": {}, "H2": {}}, "products": {"OH": {}, "H": {}}}, {"type": "ARRHENIUS", "A": 1.3e-10, "reactants": {"O1D": {}, "HCFC142B": {}}, "products": {"CL": {}, "COF2": {}}}, {"type": "ARRHENIUS", "A": 3.3e-12, "Ea": 1.58775e-21, "reactants": {"CH3O2": {}, "CLO": {}}, "products": {"CL": {}, "HO2": {}, "CH2O": {}}}, {"type": "ARRHENIUS", "A": 3.5e-13, "Ea": 1.89149e-20, "reactants": {"CLO": {"qty": 2}}, "products": {"CL": {}, "OCLO": {}}}, {"type": "ARRHENIUS", "A": 3.6e-11, "Ea": 5.17743e-21, "reactants": {"CL": {}, "HO2": {}}, "products": {"OH": {}, "CLO": {}}}, {"type": "TROE", "k0_A": 2.5e-31, "k0_B": -1.8, "kinf_A": 2.2e-11, "N": 0.7, "reactants": {"NO2": {}, "O": {}}, "products": {"NO3": {}}}, {"type": "ARRHENIUS", "A": 5.8e-12, "Ea": 2.07097e-20, "reactants": {"O": {}, "HBR": {}}, "products": {"BR": {}, "OH": {}}}, {"type": "ARRHENIUS", "A": 6.5e-12, "Ea": -1.86388e-21, "reactants": {"CLONO2": {}, "CL": {}}, "products": {"CL2": {}, "NO3": {}}}, {"type": "TROE", "k0_A": 2.4e-30, "k0_B": -3, "kinf_A": 1.6e-12, "N": -0.1, "reactants": {"NO3": {}, "NO2": {}}, "products": {"N2O5": {}}}, {"type": "PHOTOLYSIS", "MUSICA name": "jcfcl3", "reactants": {"CFC11": {}}, "products": {"CL": {"yield": 2}, "COFCL": {}}}, {"type": "ARRHENIUS", "A": 3.3e-12, "Ea": -3.72775e-21, "reactants": {"NO": {}, "HO2": {}}, "products": {"NO2": {}, "OH": {}}}, {"type": "ARRHENIUS", "A": 1.2e-10, "reactants": {"O3": {}, "O1D": {}}, "products": {"O2": {}}}]}]}