time,ENV.pressure.Pa,ENV.temperature.K,PHOT.jbrcl.s-1,PHOT.jbro.s-1,PHOT.jbrono2_a.s-1,PHOT.jbrono2_b.s-1,PHOT.jccl4.s-1,PHOT.jcf2cl2.s-1,PHOT.jcf2clbr.s-1,PHOT.jcf3br.s-1,PHOT.jcfc113.s-1,PHOT.jcfc114.s-1,PHOT.jcfc115.s-1,PHOT.jcfcl3.s-1,PHOT.jch2br2.s-1,PHOT.jch2o_a.s-1,PHOT.jch2o_b.s-1,PHOT.jchbr3.s-1,PHOT.jch3ccl3.s-1,PHOT.jch3cl.s-1,PHOT.jch3ooh.s-1,PHOT.jch4_a.s-1,PHOT.jch4_b.s-1,PHOT.jcl2.s-1,PHOT.jcl2o2.s-1,PHOT.jclo.s-1,PHOT.jclono2_a.s-1,PHOT.jclono2_b.s-1,PHOT.jco2.s-1,PHOT.jh2402.s-1,PHOT.jh2o_a.s-1,PHOT.jh2o_b.s-1,PHOT.jh2o_c.s-1,PHOT.jhbr.s-1,PHOT.jhcfc141b.s-1,PHOT.jhcfc142b.s-1,PHOT.jhcfc22.s-1,PHOT.jhcl.s-1,PHOT.jhno3.s-1,PHOT.jho2no2_a.s-1,PHOT.jho2no2_b.s-1,PHOT.jhobr.s-1,PHOT.jhocl.s-1,PHOT.jn2o.s-1,PHOT.jn2o5_a.s-1,PHOT.jn2o5_b.s-1,PHOT.jno.s-1,PHOT.jno3_a.s-1,PHOT.jno3_b.s-1,PHOT.jo2_a.s-1,PHOT.jo2_b.s-1,PHOT.jo3_a.s-1,PHOT.jo3_b.s-1,PHOT.joclo.s-1,PHOT.jno2.s-1,PHOT.jch3br.s-1,PHOT.jh2o2.s-1,,
0,5201.590993,213.8966,0.01468071,0.05454209,0.000523348,0.0012813,1.57E-09,1.00E-10,8.41E-09,3.77E-10,1.43E-10,9.71E-12,7.55E-13,1.00E-09,6.26E-09,4.09E-05,9.29E-05,1.42E-06,1.45E-09,2.31E-11,7.18E-06,0.00E+00,0.00E+00,0.003368471,0.002542063,0.000187762,4.41E-05,7.80E-06,1.53E-16,5.98E-09,1.23E-15,0.00E+00,0.00E+00,2.64E-09,2.26E-10,1.61E-12,4.33E-13,3.96E-11,4.92E-07,1.57E-06,1.61E-05,0.003125236,0.000391901,5.14E-11,2.17E-05,1.66E-08,6.81E-16,0.2328214,0.01023766,0.00E+00,1.96E-14,2.24E-05,0.000527841,0.09769607,0.0128083,1.89E-09,7.56E-06,,
1800,5201.590993,213.8227,0.01384721,0.0489771,0.000479821,0.001174735,3.72E-10,1.64E-11,4.05E-09,9.41E-11,2.76E-11,1.73E-12,1.52E-13,2.13E-10,1.53E-09,3.30E-05,8.33E-05,1.07E-06,3.15E-10,4.25E-12,6.10E-06,0,0,0.003066096,0.002261355,0.000120694,3.95E-05,6.33E-06,3.97E-18,2.68E-09,1.88E-17,0,0,6.08E-10,4.25E-11,2.65E-13,8.06E-14,7.88E-12,3.45E-07,1.24E-06,1.48E-05,0.0028928,0.000348422,9.95E-12,1.76E-05,4.46E-09,1.05E-18,0.2200956,0.009667525,0,4.71E-15,1.23E-05,0.000489905,0.09087052,0.01192875,4.56E-10,6.29E-06,,
3600,5201.590993,213.7641,0.01214402,0.03944296,0.000402849,0.000986285,1.94E-10,7.38E-12,1.98E-09,4.98E-11,1.33E-11,8.08E-13,7.43E-14,1.06E-10,7.92E-10,2.22E-05,6.67E-05,6.70E-07,1.59E-10,2.01E-12,4.54E-06,0,0,0.002529918,0.001810935,5.51E-05,3.21E-05,4.43E-06,2.06E-21,1.36E-09,3.06E-21,0,0,3.13E-10,2.03E-11,1.20E-13,3.84E-14,3.85E-12,1.98E-07,8.30E-07,1.31E-05,0.002463843,0.000277739,4.81E-12,1.24E-05,2.40E-09,8.30E-25,0.1924424,0.008419557,0,2.47E-15,5.10E-06,0.00041794,0.07780408,0.01023765,2.39E-10,4.53E-06,,
5400,5201.590993,213.7149,0.009964081,0.02630257,0.000302685,0.000741057,8.75E-11,3.32E-12,5.11E-10,2.25E-11,6.00E-12,3.64E-13,3.35E-14,4.78E-11,3.58E-10,9.66E-06,4.37E-05,2.71E-07,7.17E-11,9.04E-13,2.64E-06,0,0,0.001794531,0.001230416,8.08E-06,2.27E-05,2.30E-06,4.53E-32,3.83E-10,1.31E-33,0,0,1.42E-10,9.13E-12,5.38E-14,1.73E-14,1.73E-12,6.92E-08,3.98E-07,1.14E-05,0.001903034,0.000185443,2.16E-12,6.43E-06,1.08E-09,0.00E+00,0.159696,0.007001889,0,1.12E-15,1.22E-06,0.000338479,0.05997832,0.007927271,1.08E-10,2.46E-06,,
7200,5201.590993,213.6766,0.000834889,0.000492186,1.70E-05,4.17E-05,9.67E-12,3.86E-13,2.84E-11,2.46E-12,6.89E-13,4.19E-14,3.81E-15,5.43E-12,3.89E-11,1.10E-07,7.51E-07,3.71E-09,8.08E-12,1.04E-13,4.31E-08,0,0,5.55E-05,4.06E-05,1.74E-07,7.07E-07,3.49E-08,0.00E+00,2.22E-11,0.00E+00,0,0,1.57E-11,1.05E-12,6.19E-15,1.97E-15,1.98E-13,9.82E-10,5.58E-09,9.84E-06,0.00013207,4.59E-06,2.47E-13,1.06E-07,1.20E-10,0.00E+00,0.04297667,0.002690854,0,1.22E-16,2.51E-08,0.000115268,0.002351124,0.000275432,1.18E-11,3.66E-08,,
9000,5201.590993,213.6395,0,0,0,0,0,0,0,0,0,0,0,0,0,0,0,0,0,0,0,0,0,0,0,0,0,0,0,0,0,0,0,0,0,0,0,0,0,0,0,0,0,0,0,0,0,0,0,0,0,0,0,0,0,0,0,,
10800,5201.590993,213.6234,0,0,0,0,0,0,0,0,0,0,0,0,0,0,0,0,0,0,0,0,0,0,0,0,0,0,0,0,0,0,0,0,0,0,0,0,0,0,0,0,0,0,0,0,0,0,0,0,0,0,0,0,0,0,0,,
12600,5201.590993,213.6262,0,0,0,0,0,0,0,0,0,0,0,0,0,0,0,0,0,0,0,0,0,0,0,0,0,0,0,0,0,0,0,0,0,0,0,0,0,0,0,0,0,0,0,0,0,0,0,0,0,0,0,0,0,0,0,,
14400,5201.590993,213.6471,0,0,0,0,0,0,0,0,0,0,0,0,0,0,0,0,0,0,0,0,0,0,0,0,0,0,0,0,0,0,0,0,0,0,0,0,0,0,0,0,0,0,0,0,0,0,0,0,0,0,0,0,0,0,0,,
16200,5201.590993,213.6944,0,0,0,0,0,0,0,0,0,0,0,0,0,0,0,0,0,0,0,0,0,0,0,0,0,0,0,0,0,0,0,0,0,0,0,0,0,0,0,0,0,0,0,0,0,0,0,0,0,0,0,0,0,0,0,,
18000,5201.590993,213.7677,0,0,0,0,0,0,0,0,0,0,0,0,0,0,0,0,0,0,0,0,0,0,0,0,0,0,0,0,0,0,0,0,0,0,0,0,0,0,0,0,0,0,0,0,0,0,0,0,0,0,0,0,0,0,0,,
19800,5201.590993,213.8625,0,0,0,0,0,0,0,0,0,0,0,0,0,0,0,0,0,0,0,0,0,0,0,0,0,0,0,0,0,0,0,0,0,0,0,0,0,0,0,0,0,0,0,0,0,0,0,0,0,0,0,0,0,0,0,,
21600,5201.590993,213.9695,0,0,0,0,0,0,0,0,0,0,0,0,0,0,0,0,0,0,0,0,0,0,0,0,0,0,0,0,0,0,0,0,0,0,0,0,0,0,0,0,0,0,0,0,0,0,0,0,0,0,0,0,0,0,0,,
23400,5201.590993,214.08,0,0,0,0,0,0,0,0,0,0,0,0,0,0,0,0,0,0,0,0,0,0,0,0,0,0,0,0,0,0,0,0,0,0,0,0,0,0,0,0,0,0,0,0,0,0,0,0,0,0,0,0,0,0,0,,
25200,5201.590993,214.1841,0,0,0,0,0,0,0,0,0,0,0,0,0,0,0,0,0,0,0,0,0,0,0,0,0,0,0,0,0,0,0,0,0,0,0,0,0,0,0,0,0,0,0,0,0,0,0,0,0,0,0,0,0,0,0,,
27000,5201.590993,214.2837,0,0,0,0,0,0,0,0,0,0,0,0,0,0,0,0,0,0,0,0,0,0,0,0,0,0,0,0,0,0,0,0,0,0,0,0,0,0,0,0,0,0,0,0,0,0,0,0,0,0,0,0,0,0,0,,
28800,5201.590993,214.378,0,0,0,0,0,0,0,0,0,0,0,0,0,0,0,0,0,0,0,0,0,0,0,0,0,0,0,0,0,0,0,0,0,0,0,0,0,0,0,0,0,0,0,0,0,0,0,0,0,0,0,0,0,0,0,,
30600,5201.590993,214.4666,0,0,0,0,0,0,0,0,0,0,0,0,0,0,0,0,0,0,0,0,0,0,0,0,0,0,0,0,0,0,0,0,0,0,0,0,0,0,0,0,0,0,0,0,0,0,0,0,0,0,0,0,0,0,0,,
32400,5201.590993,214.5387,0,0,0,0,0,0,0,0,0,0,0,0,0,0,0,0,0,0,0,0,0,0,0,0,0,0,0,0,0,0,0,0,0,0,0,0,0,0,0,0,0,0,0,0,0,0,0,0,0,0,0,0,0,0,0,,
34200,5201.590993,214.5899,0,0,0,0,0,0,0,0,0,0,0,0,0,0,0,0,0,0,0,0,0,0,0,0,0,0,0,0,0,0,0,0,0,0,0,0,0,0,0,0,0,0,0,0,0,0,0,0,0,0,0,0,0,0,0,,
36000,5201.590993,214.6252,0,0,0,0,0,0,0,0,0,0,0,0,0,0,0,0,0,0,0,0,0,0,0,0,0,0,0,0,0,0,0,0,0,0,0,0,0,0,0,0,0,0,0,0,0,0,0,0,0,0,0,0,0,0,0,,
37800,5201.590993,214.6465,0,0,0,0,0,0,0,0,0,0,0,0,0,0,0,0,0,0,0,0,0,0,0,0,0,0,0,0,0,0,0,0,0,0,0,0,0,0,0,0,0,0,0,0,0,0,0,0,0,0,0,0,0,0,0,,
39600,5201.590993,214.6565,0,0,0,0,0,0,0,0,0,0,0,0,0,0,0,0,0,0,0,0,0,0,0,0,0,0,0,0,0,0,0,0,0,0,0,0,0,0,0,0,0,0,0,0,0,0,0,0,0,0,0,0,0,0,0,,
41400,5201.590993,214.6612,0,0,0,0,0,0,0,0,0,0,0,0,0,0,0,0,0,0,0,0,0,0,0,0,0,0,0,0,0,0,0,0,0,0,0,0,0,0,0,0,0,0,0,0,0,0,0,0,0,0,0,0,0,0,0,,
43200,5201.590993,214.6603,0,0,0,0,0,0,0,0,0,0,0,0,0,0,0,0,0,0,0,0,0,0,0,0,0,0,0,0,0,0,0,0,0,0,0,0,0,0,0,0,0,0,0,0,0,0,0,0,0,0,0,0,0,0,0,,
45000,5201.590993,214.6561,0,0,0,0,0,0,0,0,0,0,0,0,0,0,0,0,0,0,0,0,0,0,0,0,0,0,0,0,0,0,0,0,0,0,0,0,0,0,0,0,0,0,0,0,0,0,0,0,0,0,0,0,0,0,0,,
46800,5201.590993,214.6519,0,0,0,0,0,0,0,0,0,0,0,0,0,0,0,0,0,0,0,0,0,0,0,0,0,0,0,0,0,0,0,0,0,0,0,0,0,0,0,0,0,0,0,0,0,0,0,0,0,0,0,0,0,0,0,,
48600,5201.590993,214.6526,1.18E-05,3.19E-05,3.53E-07,8.63E-07,5.64E-13,2.04E-14,1.89E-12,1.48E-13,3.72E-14,2.25E-15,2.09E-16,2.99E-13,2.40E-12,9.51E-09,5.29E-08,3.06E-10,4.51E-13,5.58E-15,3.07E-09,0,0,2.16E-06,1.46E-06,1.65E-08,2.73E-08,2.64E-09,0,1.44E-12,0,0,0,9.10E-13,5.67E-14,3.34E-16,1.09E-16,1.07E-14,8.39E-11,4.43E-10,9.82E-06,2.26E-06,2.20E-07,1.35E-14,7.39E-09,6.97E-12,0,0.000790165,0.000114071,0,7.31E-18,2.23E-09,4.50E-06,7.20E-05,9.65E-06,7.07E-13,2.79E-09,,
50400,5201.590993,214.6623,0.007967862,0.01786728,0.000228984,0.000560616,5.79E-11,2.20E-12,2.40E-10,1.49E-11,3.97E-12,2.41E-13,2.21E-14,3.16E-11,2.37E-10,4.89E-06,2.91E-05,1.40E-07,4.73E-11,5.99E-13,1.67E-06,0,0,0.00128446,0.000867156,2.22E-06,1.65E-05,1.38E-06,0.00E+00,1.85E-10,0.00E+00,0,0,9.36E-11,6.05E-12,3.58E-14,1.15E-14,1.14E-12,3.40E-08,2.26E-07,1.07E-05,0.00146098,0.000128788,1.43E-12,3.93E-06,7.17E-10,0.00E+00,0.1269297,0.005568406,0,7.39E-16,5.94E-07,0.000268411,0.04561577,0.00604267,7.16E-11,1.49E-06,,
52200,5201.590993,214.6767,0.01147579,0.03573627,0.000373399,0.000914183,1.57E-10,5.95E-12,1.40E-09,4.03E-11,1.08E-11,6.54E-13,6.00E-14,8.58E-11,6.41E-10,1.83E-05,6.03E-05,5.35E-07,1.28E-10,1.62E-12,3.97E-06,0,0,0.002320619,0.001640272,3.53E-05,2.94E-05,3.76E-06,2.09E-23,9.85E-10,1.54E-23,0,0,2.54E-10,1.64E-11,9.71E-14,3.11E-14,3.10E-12,1.52E-07,6.91E-07,1.26E-05,0.002297057,0.000250828,3.89E-12,1.07E-05,1.94E-09,1.35E-28,0.181897,0.007999183,0,2.00E-15,3.27E-06,0.000391033,0.07264589,0.009569256,1.94E-10,3.90E-06,,
54000,5201.590993,214.704,0.01324203,0.04591572,0.000454269,0.001112176,3.10E-10,1.23E-11,3.36E-09,7.90E-11,2.18E-11,1.34E-12,1.21E-13,1.72E-10,1.27E-09,2.96E-05,7.80E-05,9.43E-07,2.56E-10,3.31E-12,5.61E-06,0,0,0.002890881,0.00211485,9.91E-05,3.72E-05,5.74E-06,6.77E-19,2.24E-09,2.49E-18,0,0,5.02E-10,3.33E-11,2.01E-13,6.31E-14,6.26E-12,2.99E-07,1.11E-06,1.42E-05,0.002746627,0.00032558,7.88E-12,1.62E-05,3.80E-09,4.32E-20,0.2098862,0.009262313,0,3.93E-15,9.82E-06,0.000463752,0.08644597,0.01135508,3.81E-10,5.74E-06,,
55800,5201.590993,214.7628,0.0144155,0.05279614,0.000510047,0.001248736,1.17E-09,6.43E-11,7.08E-09,2.87E-10,9.80E-11,6.44E-12,5.24E-13,7.13E-10,4.74E-09,3.85E-05,8.99E-05,1.32E-06,1.04E-09,1.55E-11,6.85E-06,0.00E+00,0.00E+00,0.003273188,0.002455101,0.000168111,4.28E-05,7.38E-06,6.23E-17,4.93E-09,4.44E-16,0.00E+00,0.00E+00,1.94E-09,1.53E-10,1.04E-12,2.92E-13,2.74E-11,4.51E-07,1.47E-06,1.57E-05,0.003051884,0.000378415,3.53E-11,2.08E-05,1.32E-08,1.42E-16,0.2290388,0.01013625,0.00E+00,1.47E-14,1.95E-05,0.000516361,0.09551828,0.01252723,1.42E-09,7.19E-06,,
57600,5201.590993,214.8265,0.01545056,0.05845777,0.00055781,0.001365673,4.64E-09,3.13E-10,1.66E-08,1.12E-09,4.34E-10,2.99E-11,2.27E-12,2.98E-09,1.87E-08,4.62E-05,9.97E-05,1.68E-06,4.28E-09,7.08E-11,7.93E-06,0.00E+00,0.00E+00,0.003590771,0.002744334,0.000234859,4.76E-05,8.84E-06,7.61E-16,1.27E-08,7.70E-15,0.00E+00,0.00E+00,7.83E-09,6.89E-10,5.05E-12,1.33E-12,1.19E-10,6.12E-07,1.80E-06,1.70E-05,0.003314553,0.000422803,1.56E-10,2.48E-05,4.74E-08,1.07E-14,0.2470258,0.01096794,0.00E+00,5.85E-14,3.03E-05,0.000565097,0.1031974,0.0135201,5.62E-09,8.45E-06,,
59400,5201.590993,214.8887,0.01619569,0.06247621,0.000592596,0.001450838,1.32E-08,9.61E-10,3.74E-08,3.16E-09,1.29E-09,9.04E-11,6.72E-12,8.66E-09,5.34E-08,5.21E-05,0.000106725,2.03E-06,1.24E-08,2.13E-10,8.75E-06,0.00E+00,0.00E+00,0.003816008,0.002959245,0.000294901,5.12E-05,1.00E-05,3.66E-15,3.05E-08,4.58E-14,0.00E+00,0.00E+00,2.25E-08,2.06E-09,1.55E-11,4.01E-12,3.52E-10,7.90E-07,2.09E-06,1.81E-05,0.003504585,0.000455269,4.61E-10,2.81E-05,1.30E-07,1.50E-13,0.2604795,0.01159487,0.00E+00,1.68E-13,4.16E-05,0.000602006,0.1086304,0.01422243,1.60E-08,9.45E-06,,
61200,5201.590993,214.95,0.01701324,0.06643408,0.000628291,0.00153823,2.56E-08,2.00E-09,6.63E-08,6.09E-09,2.61E-09,1.86E-10,1.35E-11,1.71E-08,1.04E-07,5.77E-05,0.000113571,2.40E-06,2.44E-08,4.35E-10,9.55E-06,0.00E+00,0.00E+00,0.00404246,0.00317106,0.000351395,5.49E-05,1.12E-05,1.05E-14,5.59E-08,1.52E-13,0.00E+00,0.00E+00,4.38E-08,4.18E-09,3.23E-11,8.19E-12,7.08E-10,9.87E-07,2.37E-06,1.93E-05,0.003703114,0.00048715,9.28E-10,3.11E-05,2.41E-07,8.42E-13,0.2759271,0.01231931,0.00E+00,3.27E-13,5.26E-05,0.000642583,0.1143224,0.0149597,3.11E-08,1.04E-05,,
63000,5201.590993,215.0059,0.01741619,0.06864115,0.00064781,0.001586017,4.53E-08,3.49E-09,1.13E-07,1.09E-08,4.54E-09,3.24E-10,2.36E-11,2.99E-08,1.87E-07,6.13E-05,0.000117423,2.75E-06,4.26E-08,7.58E-10,1.01E-05,0.00E+00,0.00E+00,0.004165296,0.003296178,0.000394359,5.71E-05,1.20E-05,2.18E-14,9.60E-08,3.48E-13,0.00E+00,0.00E+00,7.74E-08,7.29E-09,5.63E-11,1.43E-11,1.23E-09,1.19E-06,2.58E-06,2.01E-05,0.003808245,0.000505649,1.61E-09,3.32E-05,4.28E-07,2.73E-12,0.2835394,0.01267788,0.00E+00,5.84E-13,6.20E-05,0.000663982,0.1172386,0.01533621,5.53E-08,1.10E-05,,
64800,5201.590993,215.0455,0.01784979,0.07079397,0.00066747,0.00163415,6.54E-08,5.08E-09,1.60E-07,1.58E-08,6.57E-09,4.70E-10,3.41E-11,4.31E-08,2.72E-07,6.46E-05,0.000121165,3.10E-06,6.15E-08,1.10E-09,1.05E-05,0.00E+00,0.00E+00,0.004287422,0.003417275,0.00043359,5.92E-05,1.27E-05,3.65E-14,1.37E-07,6.25E-13,0.00E+00,0.00E+00,1.12E-07,1.06E-08,8.19E-11,2.08E-11,1.79E-09,1.40E-06,2.79E-06,2.09E-05,0.003916065,0.00052355,2.33E-09,3.51E-05,6.14E-07,6.13E-12,0.2919804,0.01307665,0.00E+00,8.47E-13,7.07E-05,0.000686711,0.1202542,0.01572633,8.01E-08,1.16E-05,,
66600,5201.590993,215.0684,0.01798542,0.07169706,0.00067525,0.001653198,8.54E-08,6.59E-09,2.07E-07,2.07E-08,8.52E-09,6.09E-10,4.43E-11,5.58E-08,3.59E-07,6.64E-05,0.000122761,3.37E-06,7.98E-08,1.43E-09,1.08E-05,0.00E+00,0.00E+00,0.004335751,0.003472413,0.00045762,6.02E-05,1.32E-05,5.19E-14,1.78E-07,9.33E-13,0.00E+00,0.00E+00,1.46E-07,1.37E-08,1.06E-10,2.71E-11,2.31E-09,1.56E-06,2.92E-06,2.14E-05,0.003956011,0.000531516,3.02E-09,3.62E-05,8.02E-07,1.06E-11,0.2946075,0.01320228,0.00E+00,1.11E-12,7.65E-05,0.00069496,0.1213017,0.01586067,1.05E-07,1.19E-05,,
68400,5201.590993,215.0745,0.0182734,0.07297515,0.000687498,0.001683184,1.03E-07,7.83E-09,2.50E-07,2.51E-08,1.01E-08,7.25E-10,5.29E-11,6.67E-08,4.36E-07,6.83E-05,0.000124975,3.62E-06,9.54E-08,1.70E-09,1.10E-05,0.00E+00,0.00E+00,0.004409898,0.003545027,0.000480897,6.15E-05,1.36E-05,6.50E-14,2.14E-07,1.20E-12,0.00E+00,0.00E+00,1.75E-07,1.63E-08,1.26E-10,3.23E-11,2.76E-09,1.71E-06,3.05E-06,2.19E-05,0.004024318,0.000542161,3.60E-09,3.73E-05,9.72E-07,1.50E-11,0.3004657,0.0134805,0.00E+00,1.35E-12,8.20E-05,0.000710143,0.1232134,0.01610844,1.27E-07,1.23E-05,,
70200,5201.590993,215.0588,0.01838198,0.07340483,0.000691786,0.001693684,1.10E-07,8.45E-09,2.66E-07,2.68E-08,1.09E-08,7.81E-10,5.68E-11,7.15E-08,4.66E-07,6.89E-05,0.000125715,3.71E-06,1.02E-07,1.83E-09,1.11E-05,0.00E+00,0.00E+00,0.004435512,0.003569033,0.000487775,6.20E-05,1.37E-05,7.30E-14,2.28E-07,1.37E-12,0.00E+00,0.00E+00,1.87E-07,1.75E-08,1.36E-10,3.48E-11,2.97E-09,1.76E-06,3.09E-06,2.20E-05,0.004048783,0.000545684,3.86E-09,3.76E-05,1.03E-06,1.79E-11,0.3027143,0.01358724,0.00E+00,1.44E-12,8.36E-05,0.000715734,0.1239072,0.0161986,1.35E-07,1.24E-05,,
72000,5201.590993,215.0276,0.01821706,0.07295398,0.000686663,0.001681141,1.11E-07,8.54E-09,2.69E-07,2.71E-08,1.10E-08,7.90E-10,5.74E-11,7.22E-08,4.71E-07,6.86E-05,0.000124964,3.71E-06,1.03E-07,1.85E-09,1.11E-05,0.00E+00,0.00E+00,0.004405539,0.003547175,0.00048689,6.16E-05,1.37E-05,7.41E-14,2.30E-07,1.40E-12,0.00E+00,0.00E+00,1.89E-07,1.77E-08,1.38E-10,3.51E-11,3.00E-09,1.77E-06,3.08E-06,2.20E-05,0.004016963,0.00054236,3.90E-09,3.75E-05,1.04E-06,1.83E-11,0.2992654,0.01342464,0.00E+00,1.45E-12,8.36E-05,0.000708153,0.1229476,0.01607282,1.37E-07,1.23E-05,,
73800,5201.590993,214.9858,0.01824118,0.07291984,0.000686711,0.001681258,1.05E-07,8.06E-09,2.55E-07,2.57E-08,1.04E-08,7.46E-10,5.43E-11,6.84E-08,4.46E-07,6.83E-05,0.000124889,3.64E-06,9.78E-08,1.75E-09,1.10E-05,0.00E+00,0.00E+00,0.004405508,0.003542969,0.000482071,6.15E-05,1.36E-05,6.81E-14,2.18E-07,1.27E-12,0.00E+00,0.00E+00,1.79E-07,1.67E-08,1.30E-10,3.32E-11,2.84E-09,1.72E-06,3.05E-06,2.19E-05,0.004018939,0.000541823,3.69E-09,3.73E-05,9.92E-07,1.61E-11,0.2997751,0.01344808,0.00E+00,1.38E-12,8.23E-05,0.00070877,0.1230424,0.01608584,1.30E-07,1.23E-05,,
75600,5201.590993,214.9335,0.01800014,0.07189222,0.000676723,0.001656804,9.12E-08,7.01E-09,2.21E-07,2.22E-08,9.07E-09,6.48E-10,4.72E-11,5.95E-08,3.84E-07,6.68E-05,0.000123113,3.44E-06,8.50E-08,1.52E-09,1.08E-05,0.00E+00,0.00E+00,0.004345344,0.003484875,0.000464088,6.04E-05,1.33E-05,5.63E-14,1.90E-07,1.02E-12,0.00E+00,0.00E+00,1.56E-07,1.46E-08,1.13E-10,2.88E-11,2.47E-09,1.61E-06,2.95E-06,2.15E-05,0.003962803,0.000533302,3.21E-09,3.64E-05,8.58E-07,1.20E-11,0.294834,0.01321344,0.00E+00,1.19E-12,7.81E-05,0.000696151,0.1214648,0.01588118,1.12E-07,1.20E-05,,
77400,5201.590993,214.8707,0.01750149,0.06997307,0.000657472,0.001609673,7.16E-08,5.56E-09,1.74E-07,1.73E-08,7.18E-09,5.14E-10,3.73E-11,4.71E-08,2.99E-07,6.43E-05,0.000119818,3.15E-06,6.72E-08,1.20E-09,1.05E-05,0.00E+00,0.00E+00,0.004230055,0.003379483,0.000436424,5.85E-05,1.27E-05,4.12E-14,1.49E-07,7.18E-13,0.00E+00,0.00E+00,1.22E-07,1.15E-08,8.96E-11,2.28E-11,1.95E-09,1.44E-06,2.79E-06,2.09E-05,0.003852098,0.000517738,2.55E-09,3.50E-05,6.72E-07,7.40E-12,0.2845513,0.01272586,0.00E+00,9.30E-13,7.18E-05,0.000670901,0.1182994,0.01546953,8.78E-08,1.16E-05,,
79200,5201.590993,214.8018,0.01684041,0.06737941,0.000631771,0.00154675,5.15E-08,3.98E-09,1.27E-07,1.24E-08,5.17E-09,3.69E-10,2.68E-11,3.40E-08,2.13E-07,6.10E-05,0.000115366,2.81E-06,4.84E-08,8.64E-10,9.95E-06,0.00E+00,0.00E+00,0.004074886,0.003238321,0.000400396,5.60E-05,1.19E-05,2.60E-14,1.08E-07,4.25E-13,0.00E+00,0.00E+00,8.79E-08,8.29E-09,6.41E-11,1.63E-11,1.40E-09,1.24E-06,2.59E-06,2.01E-05,0.003704503,0.000496796,1.84E-09,3.30E-05,4.85E-07,3.60E-12,0.2710404,0.01208579,0.00E+00,6.64E-13,6.39E-05,0.000637613,0.1140691,0.01491955,6.29E-08,1.10E-05,,
81000,5201.590993,214.7328,0.01635488,0.06499202,0.000609918,0.001493248,3.17E-08,2.45E-09,8.07E-08,7.60E-09,3.19E-09,2.27E-10,1.66E-11,2.11E-08,1.30E-07,5.73E-05,0.000111219,2.46E-06,3.00E-08,5.33E-10,9.43E-06,0.00E+00,0.00E+00,0.003939219,0.003104381,0.000357589,5.37E-05,1.11E-05,1.35E-14,6.82E-08,2.02E-13,0.00E+00,0.00E+00,5.42E-08,5.12E-09,3.95E-11,1.00E-11,8.68E-10,1.03E-06,2.38E-06,1.93E-05,0.003584385,0.000476973,1.14E-09,3.09E-05,3.00E-07,1.26E-12,0.2615137,0.01163474,0.00E+00,4.07E-13,5.46E-05,0.000612069,0.1107085,0.01448486,3.86E-08,1.03E-05,,
82800,5201.590993,214.662,0.0156066,0.06156445,0.000578175,0.001415532,1.62E-08,1.23E-09,4.41E-08,3.85E-09,1.63E-09,1.15E-10,8.44E-12,1.08E-08,6.51E-08,5.25E-05,0.000105298,2.10E-06,1.54E-08,2.70E-10,8.74E-06,0.00E+00,0.00E+00,0.0037411,0.002918926,0.000307294,5.04E-05,1.01E-05,5.30E-15,3.65E-08,6.97E-14,0.00E+00,0.00E+00,2.77E-08,2.60E-09,1.99E-11,5.08E-12,4.43E-10,8.33E-07,2.12E-06,1.83E-05,0.003406546,0.00044922,5.80E-10,2.83E-05,1.55E-07,2.76E-13,0.2468806,0.01094391,0.00E+00,2.05E-13,4.44E-05,0.000574244,0.1056332,0.01382712,1.96E-08,9.48E-06,,
84600,5201.590993,214.5958,0.01486986,0.05765145,0.000544094,0.001332091,7.26E-09,4.88E-10,2.29E-08,1.75E-09,6.76E-10,4.66E-11,3.54E-12,4.64E-09,2.94E-08,4.67E-05,9.85E-05,1.75E-06,6.68E-09,1.10E-10,7.94E-06,0.00E+00,0.00E+00,0.003521298,0.002709312,0.000248791,4.69E-05,8.96E-06,1.35E-15,1.81E-08,1.47E-14,0.00E+00,0.00E+00,1.22E-08,1.07E-09,7.88E-12,2.08E-12,1.86E-10,6.53E-07,1.84E-06,1.72E-05,0.0032199,0.000417579,2.42E-10,2.51E-05,7.41E-08,2.81E-14,0.2333061,0.01030735,0.00E+00,9.19E-14,3.33E-05,0.000537211,0.100311,0.01313936,8.82E-09,8.51E-06,,
86400,5201.590993,214.5339,0.01418571,0.05339649,0.000509389,0.001247124,1.64E-09,1.05E-10,8.57E-09,3.93E-10,1.50E-10,1.02E-11,7.89E-13,1.05E-09,6.56E-09,4.04E-05,9.11E-05,1.41E-06,1.51E-09,2.42E-11,7.07E-06,0.00E+00,0.00E+00,0.003288302,0.002486365,0.000187844,4.32E-05,7.72E-06,1.62E-16,6.12E-09,1.32E-15,0.00E+00,0.00E+00,2.75E-09,2.37E-10,1.69E-12,4.53E-13,4.14E-11,4.93E-07,1.55E-06,1.60E-05,0.003033902,0.000383551,5.38E-11,2.17E-05,1.74E-08,7.36E-16,0.2218599,0.009778508,0.00E+00,2.05E-14,2.26E-05,0.000503872,0.09496506,0.01245034,1.98E-09,7.47E-06,,
88200,5201.590993,214.4747,0.01347458,0.04814874,0.000469234,0.001148815,3.86E-10,1.70E-11,4.09E-09,9.77E-11,2.86E-11,1.79E-12,1.57E-13,2.20E-10,1.59E-09,3.27E-05,8.19E-05,1.06E-06,3.26E-10,4.40E-12,6.02E-06,0,0,0.003007296,0.002221117,0.000121149,3.88E-05,6.26E-06,4.26E-18,2.71E-09,2.04E-17,0,0,6.31E-10,4.40E-11,2.75E-13,8.36E-14,8.16E-12,3.44E-07,1.22E-06,1.47E-05,0.002824744,0.000342425,1.03E-11,1.75E-05,4.62E-09,1.15E-18,0.2118113,0.009270809,0,4.89E-15,1.24E-05,0.000471992,0.08883482,0.0116618,4.74E-10,6.21E-06,,
90000,5201.590993,214.4221,0.01197889,0.03911976,0.000398374,0.00097533,2.00E-10,7.59E-12,2.01E-09,5.14E-11,1.37E-11,8.31E-13,7.65E-14,1.09E-10,8.19E-10,2.21E-05,6.62E-05,6.70E-07,1.64E-10,2.07E-12,4.52E-06,0,0,0.002505871,0.001795126,5.56E-05,3.18E-05,4.41E-06,2.27E-21,1.37E-09,3.41E-21,0,0,3.23E-10,2.09E-11,1.23E-13,3.96E-14,3.96E-12,1.98E-07,8.28E-07,1.31E-05,0.002434501,0.000275426,4.95E-12,1.23E-05,2.48E-09,9.50E-25,0.1887495,0.008239955,0,2.55E-15,5.16E-06,0.000409953,0.0769282,0.01012258,2.47E-10,4.51E-06,,
91800,5201.590993,214.3707,0.009969177,0.02634568,0.000302975,0.000741766,9.00E-11,3.41E-12,5.22E-10,2.32E-11,6.16E-12,3.73E-13,3.44E-14,4.91E-11,3.70E-10,9.72E-06,4.38E-05,2.72E-07,7.36E-11,9.27E-13,2.65E-06,0,0,0.001796707,0.00123238,8.27E-06,2.27E-05,2.31E-06,5.09E-32,3.92E-10,1.44E-33,0,0,1.46E-10,9.37E-12,5.52E-14,1.78E-14,1.78E-12,6.98E-08,4.00E-07,1.14E-05,0.00190456,0.000185763,2.22E-12,6.45E-06,1.11E-09,0.00E+00,0.1600041,0.007017568,0,1.15E-15,1.23E-06,0.000339184,0.06001639,0.007931763,1.11E-10,2.46E-06,,
93600,5201.590993,214.3319,0.000824675,0.000486638,1.68E-05,4.11E-05,9.86E-12,3.93E-13,2.89E-11,2.51E-12,7.02E-13,4.26E-14,3.88E-15,5.53E-12,3.97E-11,1.10E-07,7.44E-07,3.70E-09,8.23E-12,1.06E-13,4.28E-08,0,0,5.48E-05,4.01E-05,1.76E-07,6.96E-07,3.46E-08,0.00E+00,2.26E-11,0.00E+00,0,0,1.60E-11,1.07E-12,6.30E-15,2.01E-15,2.02E-13,9.83E-10,5.55E-09,9.84E-06,0.000130515,4.52E-06,2.52E-13,1.05E-07,1.23E-10,0.00E+00,0.04292051,0.002695558,0,1.25E-16,2.52E-08,0.000115265,0.002313563,0.000270792,1.21E-11,3.63E-08,,
95400,5201.590993,214.2898,0,0,0,0,0,0,0,0,0,0,0,0,0,0,0,0,0,0,0,0,0,0,0,0,0,0,0,0,0,0,0,0,0,0,0,0,0,0,0,0,0,0,0,0,0,0,0,0,0,0,0,0,0,0,0,,
97200,5201.590993,214.2606,0,0,0,0,0,0,0,0,0,0,0,0,0,0,0,0,0,0,0,0,0,0,0,0,0,0,0,0,0,0,0,0,0,0,0,0,0,0,0,0,0,0,0,0,0,0,0,0,0,0,0,0,0,0,0,,
99000,5201.590993,214.2467,0,0,0,0,0,0,0,0,0,0,0,0,0,0,0,0,0,0,0,0,0,0,0,0,0,0,0,0,0,0,0,0,0,0,0,0,0,0,0,0,0,0,0,0,0,0,0,0,0,0,0,0,0,0,0,,
100800,5201.590993,214.2442,0,0,0,0,0,0,0,0,0,0,0,0,0,0,0,0,0,0,0,0,0,0,0,0,0,0,0,0,0,0,0,0,0,0,0,0,0,0,0,0,0,0,0,0,0,0,0,0,0,0,0,0,0,0,0,,
102600,5201.590993,214.2584,0,0,0,0,0,0,0,0,0,0,0,0,0,0,0,0,0,0,0,0,0,0,0,0,0,0,0,0,0,0,0,0,0,0,0,0,0,0,0,0,0,0,0,0,0,0,0,0,0,0,0,0,0,0,0,,
104400,5201.590993,214.2838,0,0,0,0,0,0,0,0,0,0,0,0,0,0,0,0,0,0,0,0,0,0,0,0,0,0,0,0,0,0,0,0,0,0,0,0,0,0,0,0,0,0,0,0,0,0,0,0,0,0,0,0,0,0,0,,
106200,5201.590993,214.3244,0,0,0,0,0,0,0,0,0,0,0,0,0,0,0,0,0,0,0,0,0,0,0,0,0,0,0,0,0,0,0,0,0,0,0,0,0,0,0,0,0,0,0,0,0,0,0,0,0,0,0,0,0,0,0,,
108000,5201.590993,214.3697,0,0,0,0,0,0,0,0,0,0,0,0,0,0,0,0,0,0,0,0,0,0,0,0,0,0,0,0,0,0,0,0,0,0,0,0,0,0,0,0,0,0,0,0,0,0,0,0,0,0,0,0,0,0,0,,
109800,5201.590993,214.4174,0,0,0,0,0,0,0,0,0,0,0,0,0,0,0,0,0,0,0,0,0,0,0,0,0,0,0,0,0,0,0,0,0,0,0,0,0,0,0,0,0,0,0,0,0,0,0,0,0,0,0,0,0,0,0,,
111600,5201.590993,214.4586,0,0,0,0,0,0,0,0,0,0,0,0,0,0,0,0,0,0,0,0,0,0,0,0,0,0,0,0,0,0,0,0,0,0,0,0,0,0,0,0,0,0,0,0,0,0,0,0,0,0,0,0,0,0,0,,
113400,5201.590993,214.4956,0,0,0,0,0,0,0,0,0,0,0,0,0,0,0,0,0,0,0,0,0,0,0,0,0,0,0,0,0,0,0,0,0,0,0,0,0,0,0,0,0,0,0,0,0,0,0,0,0,0,0,0,0,0,0,,
115200,5201.590993,214.5245,0,0,0,0,0,0,0,0,0,0,0,0,0,0,0,0,0,0,0,0,0,0,0,0,0,0,0,0,0,0,0,0,0,0,0,0,0,0,0,0,0,0,0,0,0,0,0,0,0,0,0,0,0,0,0,,
117000,5201.590993,214.5439,0,0,0,0,0,0,0,0,0,0,0,0,0,0,0,0,0,0,0,0,0,0,0,0,0,0,0,0,0,0,0,0,0,0,0,0,0,0,0,0,0,0,0,0,0,0,0,0,0,0,0,0,0,0,0,,
118800,5201.590993,214.553,0,0,0,0,0,0,0,0,0,0,0,0,0,0,0,0,0,0,0,0,0,0,0,0,0,0,0,0,0,0,0,0,0,0,0,0,0,0,0,0,0,0,0,0,0,0,0,0,0,0,0,0,0,0,0,,
120600,5201.590993,214.5491,0,0,0,0,0,0,0,0,0,0,0,0,0,0,0,0,0,0,0,0,0,0,0,0,0,0,0,0,0,0,0,0,0,0,0,0,0,0,0,0,0,0,0,0,0,0,0,0,0,0,0,0,0,0,0,,
122400,5201.590993,214.534,0,0,0,0,0,0,0,0,0,0,0,0,0,0,0,0,0,0,0,0,0,0,0,0,0,0,0,0,0,0,0,0,0,0,0,0,0,0,0,0,0,0,0,0,0,0,0,0,0,0,0,0,0,0,0,,
124200,5201.590993,214.505,0,0,0,0,0,0,0,0,0,0,0,0,0,0,0,0,0,0,0,0,0,0,0,0,0,0,0,0,0,0,0,0,0,0,0,0,0,0,0,0,0,0,0,0,0,0,0,0,0,0,0,0,0,0,0,,
126000,5201.590993,214.4669,0,0,0,0,0,0,0,0,0,0,0,0,0,0,0,0,0,0,0,0,0,0,0,0,0,0,0,0,0,0,0,0,0,0,0,0,0,0,0,0,0,0,0,0,0,0,0,0,0,0,0,0,0,0,0,,
127800,5201.590993,214.422,0,0,0,0,0,0,0,0,0,0,0,0,0,0,0,0,0,0,0,0,0,0,0,0,0,0,0,0,0,0,0,0,0,0,0,0,0,0,0,0,0,0,0,0,0,0,0,0,0,0,0,0,0,0,0,,
129600,5201.590993,214.3746,0,0,0,0,0,0,0,0,0,0,0,0,0,0,0,0,0,0,0,0,0,0,0,0,0,0,0,0,0,0,0,0,0,0,0,0,0,0,0,0,0,0,0,0,0,0,0,0,0,0,0,0,0,0,0,,
131400,5201.590993,214.3234,0,0,0,0,0,0,0,0,0,0,0,0,0,0,0,0,0,0,0,0,0,0,0,0,0,0,0,0,0,0,0,0,0,0,0,0,0,0,0,0,0,0,0,0,0,0,0,0,0,0,0,0,0,0,0,,
133200,5201.590993,214.2711,0,0,0,0,0,0,0,0,0,0,0,0,0,0,0,0,0,0,0,0,0,0,0,0,0,0,0,0,0,0,0,0,0,0,0,0,0,0,0,0,0,0,0,0,0,0,0,0,0,0,0,0,0,0,0,,
135000,5201.590993,214.2215,1.17E-05,3.15E-05,3.48E-07,8.53E-07,5.46E-13,1.95E-14,1.85E-12,1.44E-13,3.56E-14,2.15E-15,2.01E-16,2.87E-13,2.34E-12,9.42E-09,5.23E-08,3.03E-10,4.35E-13,5.34E-15,3.03E-09,0,0,2.14E-06,1.44E-06,1.64E-08,2.69E-08,2.60E-09,0,1.40E-12,0,0,0,8.81E-13,5.43E-14,3.19E-16,1.04E-16,1.03E-14,8.25E-11,4.39E-10,9.82E-06,2.23E-06,2.17E-07,1.29E-14,7.16E-09,6.75E-12,0,0.000751813,0.000107488,0,7.10E-18,2.21E-09,4.27E-06,7.12E-05,9.54E-06,6.86E-13,2.76E-09,,
136800,5201.590993,214.1781,0.007975042,0.01788549,0.000229049,0.000560775,5.84E-11,2.21E-12,2.42E-10,1.51E-11,4.00E-12,2.42E-13,2.23E-14,3.18E-11,2.40E-10,4.90E-06,2.92E-05,1.41E-07,4.77E-11,6.02E-13,1.67E-06,0,0,0.001285516,0.000868064,2.24E-06,1.65E-05,1.38E-06,0.00E+00,1.87E-10,0.00E+00,0,0,9.44E-11,6.08E-12,3.58E-14,1.15E-14,1.15E-12,3.38E-08,2.26E-07,1.07E-05,0.001462372,0.000128925,1.44E-12,3.85E-06,7.23E-10,0.00E+00,0.1271206,0.005541647,0,7.45E-16,5.95E-07,0.000268936,0.04565373,0.0060475,7.22E-11,1.49E-06,,
138600,5201.590993,214.1487,0.01154442,0.03591876,0.000375256,0.00091873,1.58E-10,6.00E-12,1.41E-09,4.08E-11,1.08E-11,6.57E-13,6.06E-14,8.65E-11,6.48E-10,1.84E-05,6.06E-05,5.38E-07,1.30E-10,1.63E-12,3.99E-06,0,0,0.002332721,0.001649146,3.57E-05,2.95E-05,3.78E-06,2.18E-23,9.93E-10,1.62E-23,0,0,2.56E-10,1.65E-11,9.73E-14,3.13E-14,3.13E-12,1.52E-07,6.95E-07,1.26E-05,0.002310277,0.000252166,3.91E-12,1.06E-05,1.96E-09,1.43E-28,0.1833622,0.008017695,0,2.02E-15,3.29E-06,0.000394463,0.0730381,0.009620427,1.96E-10,3.92E-06,,
140400,5201.590993,214.1352,0.01347486,0.04653021,0.000461094,0.001128885,3.13E-10,1.24E-11,3.40E-09,8.00E-11,2.20E-11,1.35E-12,1.22E-13,1.73E-10,1.29E-09,3.00E-05,7.90E-05,9.54E-07,2.59E-10,3.33E-12,5.68E-06,0,0,0.002932076,0.002144839,0.000100351,3.76E-05,5.79E-06,7.00E-19,2.26E-09,2.60E-18,0,0,5.07E-10,3.36E-11,2.01E-13,6.36E-14,6.32E-12,3.01E-07,1.12E-06,1.43E-05,0.00279126,0.000330101,7.93E-12,1.62E-05,3.84E-09,4.48E-20,0.2147798,0.009433543,0,3.97E-15,9.93E-06,0.000474744,0.08778184,0.01152987,3.85E-10,5.80E-06,,
142200,5201.590993,214.1471,0.01459733,0.05328918,0.000515367,0.00126176,1.19E-09,6.53E-11,7.16E-09,2.91E-10,9.92E-11,6.52E-12,5.31E-13,7.22E-10,4.80E-09,3.89E-05,9.07E-05,1.33E-06,1.05E-09,1.57E-11,6.92E-06,0.00E+00,0.00E+00,0.003305936,0.002479534,0.000169718,4.31E-05,7.42E-06,6.40E-17,4.98E-09,4.60E-16,0.00E+00,0.00E+00,1.97E-09,1.55E-10,1.05E-12,2.96E-13,2.78E-11,4.52E-07,1.48E-06,1.57E-05,0.003087085,0.000382098,3.56E-11,2.06E-05,1.33E-08,1.45E-16,0.2328901,0.01025224,0.00E+00,1.49E-14,1.97E-05,0.000525136,0.09656566,0.01266419,1.44E-09,7.24E-06,,
144000,5201.590993,214.1606,0.01587062,0.05962548,0.00057063,0.001397059,4.71E-09,3.17E-10,1.69E-08,1.13E-09,4.40E-10,3.03E-11,2.31E-12,3.02E-09,1.90E-08,4.70E-05,0.000101666,1.70E-06,4.35E-09,7.17E-11,8.07E-06,0.00E+00,0.00E+00,0.003667968,0.002801669,0.00023846,4.85E-05,8.97E-06,7.80E-16,1.29E-08,7.93E-15,0.00E+00,0.00E+00,7.94E-09,6.98E-10,5.11E-12,1.35E-12,1.21E-10,6.19E-07,1.83E-06,1.71E-05,0.0033963,0.000431469,1.57E-10,2.48E-05,4.81E-08,1.10E-14,0.2557053,0.01130324,0.00E+00,5.94E-14,3.07E-05,0.000584558,0.105651,0.01384136,5.71E-09,8.59E-06,,
145800,5201.590993,214.1762,0.01646283,0.06321482,0.000600612,0.001470463,1.34E-08,9.73E-10,3.78E-08,3.20E-09,1.30E-09,9.13E-11,6.79E-12,8.76E-09,5.40E-08,5.26E-05,0.000107923,2.05E-06,1.25E-08,2.15E-10,8.85E-06,0.00E+00,0.00E+00,0.003864811,0.002996162,0.000297894,5.18E-05,1.01E-05,3.73E-15,3.08E-08,4.70E-14,0.00E+00,0.00E+00,2.27E-08,2.08E-09,1.57E-11,4.05E-12,3.56E-10,7.95E-07,2.11E-06,1.82E-05,0.003556634,0.00046083,4.65E-10,2.79E-05,1.31E-07,1.52E-13,0.2661465,0.01178653,0.00E+00,1.70E-13,4.20E-05,0.000614894,0.1101776,0.01442481,1.62E-08,9.53E-06,,
147600,5201.590993,214.1852,0.01729336,0.0672239,0.000636775,0.001559,2.59E-08,2.03E-09,6.72E-08,6.18E-09,2.64E-09,1.88E-10,1.37E-11,1.73E-08,1.05E-07,5.82E-05,0.000114855,2.42E-06,2.47E-08,4.40E-10,9.65E-06,0.00E+00,0.00E+00,0.004094378,0.003210567,0.000354847,5.54E-05,1.13E-05,1.07E-14,5.65E-08,1.55E-13,0.00E+00,0.00E+00,4.44E-08,4.23E-09,3.26E-11,8.28E-12,7.16E-10,9.93E-07,2.39E-06,1.94E-05,0.003758031,0.000493103,9.37E-10,3.10E-05,2.44E-07,8.54E-13,0.281803,0.01251526,0.00E+00,3.31E-13,5.31E-05,0.00065598,0.1159571,0.01517356,3.15E-08,1.05E-05,,
149400,5201.590993,214.1887,0.01767631,0.06939334,0.00065575,0.001605457,4.57E-08,3.53E-09,1.14E-07,1.10E-08,4.58E-09,3.26E-10,2.38E-11,3.02E-08,1.89E-07,6.19E-05,0.000118645,2.77E-06,4.31E-08,7.65E-10,1.02E-05,0.00E+00,0.00E+00,0.004214396,0.003333901,0.000398023,5.76E-05,1.21E-05,2.22E-14,9.69E-08,3.56E-13,0.00E+00,0.00E+00,7.82E-08,7.35E-09,5.67E-11,1.45E-11,1.25E-09,1.20E-06,2.61E-06,2.02E-05,0.003859678,0.000511334,1.63E-09,3.30E-05,4.32E-07,2.76E-12,0.2889337,0.01284822,0.00E+00,5.90E-13,6.26E-05,0.000676362,0.1187698,0.0155365,5.59E-08,1.11E-05,,
151200,5201.590993,214.1819,0.01818397,0.07176128,0.000677776,0.001659383,6.60E-08,5.12E-09,1.62E-07,1.60E-08,6.62E-09,4.73E-10,3.44E-11,4.35E-08,2.75E-07,6.54E-05,0.000122747,3.12E-06,6.20E-08,1.11E-09,1.07E-05,0.00E+00,0.00E+00,0.004350565,0.003465634,0.000438131,5.99E-05,1.28E-05,3.71E-14,1.38E-07,6.37E-13,0.00E+00,0.00E+00,1.13E-07,1.06E-08,8.25E-11,2.10E-11,1.80E-09,1.40E-06,2.82E-06,2.10E-05,0.003982107,0.000530843,2.35E-09,3.50E-05,6.19E-07,6.20E-12,0.2988983,0.01331555,0.00E+00,8.55E-13,7.14E-05,0.000702497,0.1222241,0.01598407,8.08E-08,1.17E-05,,
153000,5201.590993,214.1555,0.01844553,0.07303252,0.000689614,0.001688366,8.61E-08,6.65E-09,2.10E-07,2.10E-08,8.58E-09,6.14E-10,4.47E-11,5.63E-08,3.63E-07,6.74E-05,0.00012496,3.40E-06,8.04E-08,1.44E-09,1.10E-05,0.00E+00,0.00E+00,0.004422861,0.00353905,0.000463783,6.12E-05,1.33E-05,5.27E-14,1.79E-07,9.50E-13,0.00E+00,0.00E+00,1.47E-07,1.38E-08,1.07E-10,2.73E-11,2.34E-09,1.57E-06,2.96E-06,2.16E-05,0.004046954,0.000541572,3.04E-09,3.62E-05,8.09E-07,1.07E-11,0.3041335,0.01356241,0.00E+00,1.12E-12,7.74E-05,0.000716585,0.1240173,0.01621603,1.06E-07,1.21E-05,,
154800,5201.590993,214.1082,0.01874562,0.07435111,0.000702268,0.001719346,1.03E-07,7.90E-09,2.52E-07,2.53E-08,1.02E-08,7.30E-10,5.33E-11,6.72E-08,4.39E-07,6.94E-05,0.000127242,3.65E-06,9.61E-08,1.71E-09,1.12E-05,0.00E+00,0.00E+00,0.004499565,0.003613626,0.000487241,6.26E-05,1.38E-05,6.60E-14,2.15E-07,1.23E-12,0.00E+00,0.00E+00,1.77E-07,1.64E-08,1.27E-10,3.25E-11,2.78E-09,1.72E-06,3.09E-06,2.21E-05,0.004117759,0.000552517,3.62E-09,3.73E-05,9.79E-07,1.51E-11,0.3102129,0.01384882,0.00E+00,1.36E-12,8.29E-05,0.000732272,0.1260053,0.01647382,1.28E-07,1.25E-05,,
156600,5201.590993,214.0441,0.0185456,0.07390243,0.000696736,0.001705802,1.11E-07,8.52E-09,2.68E-07,2.71E-08,1.10E-08,7.86E-10,5.72E-11,7.20E-08,4.70E-07,6.93E-05,0.000126512,3.72E-06,1.03E-07,1.84E-09,1.12E-05,0.00E+00,0.00E+00,0.004467562,0.003594236,0.000490843,6.23E-05,1.38E-05,7.41E-14,2.30E-07,1.40E-12,0.00E+00,0.00E+00,1.89E-07,1.76E-08,1.37E-10,3.50E-11,2.99E-09,1.77E-06,3.11E-06,2.21E-05,0.004081765,0.000549474,3.89E-09,3.73E-05,1.04E-06,1.80E-11,0.30601,0.01365238,0.00E+00,1.45E-12,8.41E-05,0.000723508,0.1248874,0.01632675,1.36E-07,1.25E-05,,
158400,5201.590993,213.9656,0.01827883,0.07316031,0.000688367,0.001685313,1.12E-07,8.62E-09,2.71E-07,2.74E-08,1.11E-08,7.95E-10,5.79E-11,7.28E-08,4.75E-07,6.88E-05,0.000125274,3.71E-06,1.04E-07,1.86E-09,1.11E-05,0.00E+00,0.00E+00,0.004418511,0.003557971,0.000488833,6.16E-05,1.37E-05,7.52E-14,2.32E-07,1.42E-12,0.00E+00,0.00E+00,1.91E-07,1.78E-08,1.39E-10,3.54E-11,3.02E-09,1.77E-06,3.09E-06,2.21E-05,0.004029957,0.00054397,3.93E-09,3.70E-05,1.05E-06,1.84E-11,0.3004363,0.01339126,0.00E+00,1.47E-12,8.40E-05,0.00071119,0.123329,0.01612257,1.38E-07,1.24E-05,,
160200,5201.590993,213.8803,0.01821434,0.07286888,0.000685561,0.001678442,1.06E-07,8.13E-09,2.57E-07,2.59E-08,1.05E-08,7.50E-10,5.47E-11,6.88E-08,4.49E-07,6.83E-05,0.000124767,3.64E-06,9.85E-08,1.76E-09,1.10E-05,0.00E+00,0.00E+00,0.004401708,0.003540935,0.000482829,6.13E-05,1.36E-05,6.91E-14,2.20E-07,1.29E-12,0.00E+00,0.00E+00,1.81E-07,1.68E-08,1.31E-10,3.34E-11,2.86E-09,1.72E-06,3.06E-06,2.19E-05,0.004014437,0.000541497,3.71E-09,3.67E-05,9.98E-07,1.62E-11,0.2990962,0.01332783,0.00E+00,1.39E-12,8.25E-05,0.000707667,0.1229011,0.01606717,1.31E-07,1.23E-05,,
162000,5201.590993,213.793,0.01798534,0.07187985,0.000675988,0.001655005,9.18E-08,7.07E-09,2.23E-07,2.24E-08,9.13E-09,6.53E-10,4.75E-11,5.99E-08,3.88E-07,6.69E-05,0.000123057,3.44E-06,8.56E-08,1.53E-09,1.08E-05,0.00E+00,0.00E+00,0.004343987,0.003484785,0.000465094,6.03E-05,1.32E-05,5.71E-14,1.91E-07,1.04E-12,0.00E+00,0.00E+00,1.57E-07,1.47E-08,1.14E-10,2.90E-11,2.48E-09,1.61E-06,2.96E-06,2.15E-05,0.003960759,0.000533269,3.23E-09,3.59E-05,8.65E-07,1.21E-11,0.2944036,0.01310637,0.00E+00,1.20E-12,7.83E-05,0.000695611,0.1213965,0.01587205,1.13E-07,1.20E-05,,
163800,5201.590993,213.7048,0.01779358,0.07082064,0.000666436,0.001631618,7.21E-08,5.60E-09,1.76E-07,1.75E-08,7.23E-09,5.17E-10,3.76E-11,4.74E-08,3.01E-07,6.50E-05,0.0001212,3.17E-06,6.77E-08,1.21E-09,1.06E-05,0.00E+00,0.00E+00,0.004285365,0.003421774,0.000440326,5.91E-05,1.28E-05,4.18E-14,1.50E-07,7.30E-13,0.00E+00,0.00E+00,1.23E-07,1.16E-08,9.01E-11,2.29E-11,1.97E-09,1.44E-06,2.82E-06,2.10E-05,0.003909862,0.00052412,2.56E-09,3.48E-05,6.76E-07,7.44E-12,0.290573,0.01292485,0.00E+00,9.36E-13,7.24E-05,0.000684669,0.1200238,0.01569514,8.84E-08,1.17E-05,,
165600,5201.590993,213.6091,0.01720911,0.06843141,0.000643115,0.001574522,5.18E-08,4.01E-09,1.28E-07,1.25E-08,5.20E-09,3.71E-10,2.70E-11,3.42E-08,2.14E-07,6.18E-05,0.00011709,2.84E-06,4.88E-08,8.69E-10,1.01E-05,0.00E+00,0.00E+00,0.004143853,0.003290673,0.00040483,5.68E-05,1.21E-05,2.64E-14,1.09E-07,4.33E-13,0.00E+00,0.00E+00,8.85E-08,8.34E-09,6.45E-11,1.64E-11,1.41E-09,1.25E-06,2.63E-06,2.03E-05,0.003776971,0.000504698,1.85E-09,3.30E-05,4.88E-07,3.62E-12,0.2787155,0.01236706,0.00E+00,6.69E-13,6.46E-05,0.000655018,0.1162329,0.01520269,6.33E-08,1.11E-05,,
167400,5201.590993,213.507,0.01666156,0.06585359,0.000619227,0.001516037,3.20E-08,2.47E-09,8.15E-08,7.67E-09,3.22E-09,2.29E-10,1.67E-11,2.12E-08,1.31E-07,5.79E-05,0.000112623,2.48E-06,3.02E-08,5.37E-10,9.54E-06,0.00E+00,0.00E+00,0.003995947,0.003147265,0.000361053,5.43E-05,1.12E-05,1.37E-14,6.88E-08,2.06E-13,0.00E+00,0.00E+00,5.47E-08,5.16E-09,3.97E-11,1.01E-11,8.76E-10,1.04E-06,2.40E-06,1.94E-05,0.003644386,0.000483441,1.14E-09,3.08E-05,3.02E-07,1.27E-12,0.2679366,0.0118607,0.00E+00,4.10E-13,5.51E-05,0.000626641,0.1124983,0.01471904,3.90E-08,1.04E-05,,
169200,5201.590993,213.4098,0.01589522,0.06236232,0.000586472,0.001435846,1.63E-08,1.24E-09,4.45E-08,3.89E-09,1.64E-09,1.16E-10,8.51E-12,1.09E-08,6.57E-08,5.31E-05,0.000106561,2.10E-06,1.55E-08,2.72E-10,8.85E-06,0.00E+00,0.00E+00,0.003793909,0.002958612,0.000310267,5.09E-05,1.02E-05,5.40E-15,3.68E-08,7.13E-14,0.00E+00,0.00E+00,2.79E-08,2.62E-09,2.00E-11,5.11E-12,4.47E-10,8.33E-07,2.14E-06,1.84E-05,0.003462814,0.000455204,5.83E-10,2.77E-05,1.56E-07,2.78E-13,0.2529042,0.0110827,0.00E+00,2.07E-13,4.47E-05,0.000588133,0.1073097,0.01404645,1.97E-08,9.56E-06,,
171000,5201.590993,213.3163,0.01557124,0.05948469,0.000564832,0.001382864,7.32E-09,4.93E-10,2.33E-08,1.78E-09,6.81E-10,4.69E-11,3.58E-12,4.68E-09,2.97E-08,4.79E-05,0.000101488,1.78E-06,6.74E-09,1.11E-10,8.16E-06,0.00E+00,0.00E+00,0.003644515,0.002800212,0.000253934,4.83E-05,9.15E-06,1.38E-15,1.83E-08,1.51E-14,0.00E+00,0.00E+00,1.24E-08,1.08E-09,7.92E-12,2.09E-12,1.87E-10,6.61E-07,1.89E-06,1.74E-05,0.003354076,0.000431263,2.43E-10,2.49E-05,7.47E-08,2.83E-14,0.2484694,0.01088634,0.00E+00,9.27E-14,3.39E-05,0.000571167,0.1043049,0.01366205,8.90E-09,8.72E-06,,
172800,5201.590993,213.2273,0.01456747,0.05436444,0.000520243,0.001273698,1.65E-09,1.06E-10,8.68E-09,3.98E-10,1.51E-10,1.02E-11,7.96E-13,1.06E-09,6.62E-09,4.10E-05,9.26E-05,1.42E-06,1.52E-09,2.44E-11,7.18E-06,0.00E+00,0.00E+00,0.003353901,0.00253447,0.000190271,4.38E-05,7.80E-06,1.66E-16,6.18E-09,1.36E-15,0.00E+00,0.00E+00,2.78E-09,2.38E-10,1.69E-12,4.56E-13,4.18E-11,4.94E-07,1.57E-06,1.61E-05,0.003106385,0.000390776,5.40E-11,2.13E-05,1.75E-08,7.44E-16,0.230211,0.01004584,0.00E+00,2.06E-14,2.28E-05,0.000522728,0.09711415,0.01273144,1.99E-09,7.56E-06,,
174600,5201.590993,213.1433,0.01393624,0.04929369,0.000482699,0.001181781,3.88E-10,1.72E-11,4.15E-09,9.84E-11,2.88E-11,1.80E-12,1.58E-13,2.21E-10,1.60E-09,3.33E-05,8.38E-05,1.08E-06,3.28E-10,4.42E-12,6.15E-06,0,0,0.003085466,0.0022775,0.000123144,3.97E-05,6.38E-06,4.37E-18,2.75E-09,2.12E-17,0,0,6.34E-10,4.42E-11,2.75E-13,8.39E-14,8.21E-12,3.48E-07,1.25E-06,1.48E-05,0.002911709,0.000350886,1.03E-11,1.75E-05,4.65E-09,1.17E-18,0.2219446,0.009690247,0,4.92E-15,1.26E-05,0.000494482,0.09142067,0.01200012,4.76E-10,6.33E-06,,
176400,5201.590993,213.0738,0.01196546,0.03910818,0.000397822,0.000973977,2.01E-10,7.62E-12,2.01E-09,5.18E-11,1.38E-11,8.30E-13,7.68E-14,1.10E-10,8.24E-10,2.21E-05,6.61E-05,6.70E-07,1.64E-10,2.07E-12,4.52E-06,0,0,0.002504553,0.001794475,5.58E-05,3.17E-05,4.40E-06,2.33E-21,1.38E-09,3.56E-21,0,0,3.25E-10,2.09E-11,1.23E-13,3.96E-14,3.98E-12,1.97E-07,8.29E-07,1.31E-05,0.002432461,0.000275341,4.94E-12,1.21E-05,2.49E-09,9.65E-25,0.1883387,0.008165137,0,2.56E-15,5.16E-06,0.000409232,0.07686955,0.01011481,2.48E-10,4.50E-06,,
178200,5201.590993,213.0149,0.009972703,0.02635799,0.000302901,0.000741585,9.02E-11,3.42E-12,5.24E-10,2.33E-11,6.17E-12,3.72E-13,3.45E-14,4.92E-11,3.71E-10,9.73E-06,4.38E-05,2.73E-07,7.38E-11,9.28E-13,2.65E-06,0,0,0.001797333,0.001232961,8.29E-06,2.27E-05,2.31E-06,5.00E-32,3.92E-10,1.41E-33,0,0,1.46E-10,9.36E-12,5.50E-14,1.78E-14,1.78E-12,6.93E-08,4.00E-07,1.14E-05,0.001905336,0.000185852,2.22E-12,6.32E-06,1.12E-09,0.00E+00,0.1600393,0.006972841,0,1.15E-15,1.23E-06,0.000339389,0.06003907,0.007934649,1.12E-10,2.46E-06,,
180000,5201.590993,212.9661,0.000813954,0.00048054,1.66E-05,4.05E-05,9.83E-12,3.91E-13,2.89E-11,2.51E-12,6.99E-13,4.23E-14,3.87E-15,5.51E-12,3.96E-11,1.09E-07,7.35E-07,3.67E-09,8.21E-12,1.06E-13,4.23E-08,0,0,5.40E-05,3.96E-05,1.75E-07,6.84E-07,3.42E-08,0.00E+00,2.25E-11,0.00E+00,0,0,1.60E-11,1.06E-12,6.24E-15,2.00E-15,2.01E-13,9.70E-10,5.50E-09,9.85E-06,0.000128909,4.46E-06,2.50E-13,1.01E-07,1.22E-10,0.00E+00,0.04271069,0.002672279,0,1.24E-16,2.51E-08,0.000114955,0.002275812,0.000266141,1.21E-11,3.59E-08,,
181800,5201.590993,212.9207,0,0,0,0,0,0,0,0,0,0,0,0,0,0,0,0,0,0,0,0,0,0,0,0,0,0,0,0,0,0,0,0,0,0,0,0,0,0,0,0,0,0,0,0,0,0,0,0,0,0,0,0,0,0,0,,
183600,5201.590993,212.8989,0,0,0,0,0,0,0,0,0,0,0,0,0,0,0,0,0,0,0,0,0,0,0,0,0,0,0,0,0,0,0,0,0,0,0,0,0,0,0,0,0,0,0,0,0,0,0,0,0,0,0,0,0,0,0,,
185400,5201.590993,212.8938,0,0,0,0,0,0,0,0,0,0,0,0,0,0,0,0,0,0,0,0,0,0,0,0,0,0,0,0,0,0,0,0,0,0,0,0,0,0,0,0,0,0,0,0,0,0,0,0,0,0,0,0,0,0,0,,
187200,5201.590993,212.9045,0,0,0,0,0,0,0,0,0,0,0,0,0,0,0,0,0,0,0,0,0,0,0,0,0,0,0,0,0,0,0,0,0,0,0,0,0,0,0,0,0,0,0,0,0,0,0,0,0,0,0,0,0,0,0,,
189000,5201.590993,212.9283,0,0,0,0,0,0,0,0,0,0,0,0,0,0,0,0,0,0,0,0,0,0,0,0,0,0,0,0,0,0,0,0,0,0,0,0,0,0,0,0,0,0,0,0,0,0,0,0,0,0,0,0,0,0,0,,
190800,5201.590993,212.9692,0,0,0,0,0,0,0,0,0,0,0,0,0,0,0,0,0,0,0,0,0,0,0,0,0,0,0,0,0,0,0,0,0,0,0,0,0,0,0,0,0,0,0,0,0,0,0,0,0,0,0,0,0,0,0,,
192600,5201.590993,213.0188,0,0,0,0,0,0,0,0,0,0,0,0,0,0,0,0,0,0,0,0,0,0,0,0,0,0,0,0,0,0,0,0,0,0,0,0,0,0,0,0,0,0,0,0,0,0,0,0,0,0,0,0,0,0,0,,
194400,5201.590993,213.0704,0,0,0,0,0,0,0,0,0,0,0,0,0,0,0,0,0,0,0,0,0,0,0,0,0,0,0,0,0,0,0,0,0,0,0,0,0,0,0,0,0,0,0,0,0,0,0,0,0,0,0,0,0,0,0,,
196200,5201.590993,213.1238,0,0,0,0,0,0,0,0,0,0,0,0,0,0,0,0,0,0,0,0,0,0,0,0,0,0,0,0,0,0,0,0,0,0,0,0,0,0,0,0,0,0,0,0,0,0,0,0,0,0,0,0,0,0,0,,
198000,5201.590993,213.1698,0,0,0,0,0,0,0,0,0,0,0,0,0,0,0,0,0,0,0,0,0,0,0,0,0,0,0,0,0,0,0,0,0,0,0,0,0,0,0,0,0,0,0,0,0,0,0,0,0,0,0,0,0,0,0,,
199800,5201.590993,213.2076,0,0,0,0,0,0,0,0,0,0,0,0,0,0,0,0,0,0,0,0,0,0,0,0,0,0,0,0,0,0,0,0,0,0,0,0,0,0,0,0,0,0,0,0,0,0,0,0,0,0,0,0,0,0,0,,
201600,5201.590993,213.2336,0,0,0,0,0,0,0,0,0,0,0,0,0,0,0,0,0,0,0,0,0,0,0,0,0,0,0,0,0,0,0,0,0,0,0,0,0,0,0,0,0,0,0,0,0,0,0,0,0,0,0,0,0,0,0,,
203400,5201.590993,213.2486,0,0,0,0,0,0,0,0,0,0,0,0,0,0,0,0,0,0,0,0,0,0,0,0,0,0,0,0,0,0,0,0,0,0,0,0,0,0,0,0,0,0,0,0,0,0,0,0,0,0,0,0,0,0,0,,
205200,5201.590993,213.2521,0,0,0,0,0,0,0,0,0,0,0,0,0,0,0,0,0,0,0,0,0,0,0,0,0,0,0,0,0,0,0,0,0,0,0,0,0,0,0,0,0,0,0,0,0,0,0,0,0,0,0,0,0,0,0,,
207000,5201.590993,213.2377,0,0,0,0,0,0,0,0,0,0,0,0,0,0,0,0,0,0,0,0,0,0,0,0,0,0,0,0,0,0,0,0,0,0,0,0,0,0,0,0,0,0,0,0,0,0,0,0,0,0,0,0,0,0,0,,
208800,5201.590993,213.214,0,0,0,0,0,0,0,0,0,0,0,0,0,0,0,0,0,0,0,0,0,0,0,0,0,0,0,0,0,0,0,0,0,0,0,0,0,0,0,0,0,0,0,0,0,0,0,0,0,0,0,0,0,0,0,,
210600,5201.590993,213.1819,0,0,0,0,0,0,0,0,0,0,0,0,0,0,0,0,0,0,0,0,0,0,0,0,0,0,0,0,0,0,0,0,0,0,0,0,0,0,0,0,0,0,0,0,0,0,0,0,0,0,0,0,0,0,0,,
212400,5201.590993,213.1434,0,0,0,0,0,0,0,0,0,0,0,0,0,0,0,0,0,0,0,0,0,0,0,0,0,0,0,0,0,0,0,0,0,0,0,0,0,0,0,0,0,0,0,0,0,0,0,0,0,0,0,0,0,0,0,,
214200,5201.590993,213.102,0,0,0,0,0,0,0,0,0,0,0,0,0,0,0,0,0,0,0,0,0,0,0,0,0,0,0,0,0,0,0,0,0,0,0,0,0,0,0,0,0,0,0,0,0,0,0,0,0,0,0,0,0,0,0,,
216000,5201.590993,213.0558,0,0,0,0,0,0,0,0,0,0,0,0,0,0,0,0,0,0,0,0,0,0,0,0,0,0,0,0,0,0,0,0,0,0,0,0,0,0,0,0,0,0,0,0,0,0,0,0,0,0,0,0,0,0,0,,
217800,5201.590993,213.0084,0,0,0,0,0,0,0,0,0,0,0,0,0,0,0,0,0,0,0,0,0,0,0,0,0,0,0,0,0,0,0,0,0,0,0,0,0,0,0,0,0,0,0,0,0,0,0,0,0,0,0,0,0,0,0,,
219600,5201.590993,212.9576,0,0,0,0,0,0,0,0,0,0,0,0,0,0,0,0,0,0,0,0,0,0,0,0,0,0,0,0,0,0,0,0,0,0,0,0,0,0,0,0,0,0,0,0,0,0,0,0,0,0,0,0,0,0,0,,
221400,5201.590993,212.9148,1.14E-05,3.10E-05,3.42E-07,8.38E-07,5.14E-13,1.83E-14,1.76E-12,1.36E-13,3.33E-14,2.00E-15,1.88E-16,2.69E-13,2.21E-12,9.23E-09,5.14E-08,2.96E-10,4.08E-13,4.99E-15,2.98E-09,0,0,2.10E-06,1.42E-06,1.60E-08,2.64E-08,2.55E-09,0,1.33E-12,0,0,0,8.29E-13,5.06E-14,2.96E-16,9.77E-17,9.67E-15,8.01E-11,4.31E-10,9.83E-06,2.19E-06,2.14E-07,1.20E-14,6.88E-09,6.35E-12,0,0.000710718,0.000100677,0,6.69E-18,2.15E-09,4.04E-06,7.01E-05,9.39E-06,6.46E-13,2.70E-09,,
223200,5201.590993,212.8752,0.007991894,0.01790347,0.000229304,0.000561399,5.72E-11,2.17E-12,2.39E-10,1.48E-11,3.92E-12,2.37E-13,2.19E-14,3.12E-11,2.35E-10,4.89E-06,2.92E-05,1.40E-07,4.68E-11,5.90E-13,1.67E-06,0,0,0.001287189,0.000869135,2.22E-06,1.65E-05,1.38E-06,0.00E+00,1.84E-10,0.00E+00,0,0,9.26E-11,5.95E-12,3.49E-14,1.13E-14,1.13E-12,3.34E-08,2.26E-07,1.07E-05,0.00146514,0.000129067,1.41E-12,3.77E-06,7.09E-10,0.00E+00,0.1272357,0.005509638,0,7.30E-16,5.92E-07,0.000269313,0.04574071,0.006059174,7.07E-11,1.48E-06,,
225000,5201.590993,212.8476,0.01162391,0.03608509,0.000377212,0.000923519,1.55E-10,5.90E-12,1.40E-09,4.00E-11,1.06E-11,6.43E-13,5.94E-14,8.48E-11,6.35E-10,1.84E-05,6.08E-05,5.38E-07,1.27E-10,1.60E-12,4.01E-06,0,0,0.00234479,0.001657115,3.54E-05,2.96E-05,3.78E-06,2.02E-23,9.84E-10,1.50E-23,0,0,2.51E-10,1.62E-11,9.49E-14,3.07E-14,3.08E-12,1.51E-07,6.96E-07,1.26E-05,0.002324681,0.000253335,3.82E-12,1.04E-05,1.92E-09,1.32E-28,0.1849298,0.008039647,0,1.98E-15,3.26E-06,0.000398002,0.07347543,0.009677931,1.92E-10,3.92E-06,,
226800,5201.590993,212.8316,0.0136052,0.04683844,0.000464561,0.001137373,3.06E-10,1.22E-11,3.38E-09,7.84E-11,2.15E-11,1.31E-12,1.20E-13,1.70E-10,1.26E-09,3.01E-05,7.95E-05,9.55E-07,2.54E-10,3.26E-12,5.71E-06,0,0,0.002953594,0.002159381,0.000100013,3.78E-05,5.80E-06,6.73E-19,2.25E-09,2.50E-18,0,0,4.97E-10,3.28E-11,1.96E-13,6.22E-14,6.20E-12,2.99E-07,1.12E-06,1.43E-05,0.002815476,0.000332277,7.74E-12,1.59E-05,3.76E-09,4.31E-20,0.2173863,0.009493352,0,3.89E-15,9.86E-06,0.00048052,0.08851971,0.01162672,3.77E-10,5.82E-06,,
228600,5201.590993,212.842,0.01488386,0.05404006,0.000523701,0.001282165,1.16E-09,6.39E-11,7.11E-09,2.85E-10,9.70E-11,6.36E-12,5.20E-13,7.06E-10,4.69E-09,3.92E-05,9.19E-05,1.33E-06,1.03E-09,1.54E-11,7.00E-06,0.00E+00,0.00E+00,0.003356666,0.00251522,0.000170102,4.36E-05,7.48E-06,6.23E-17,4.93E-09,4.47E-16,0.00E+00,0.00E+00,1.92E-09,1.51E-10,1.02E-12,2.89E-13,2.72E-11,4.52E-07,1.49E-06,1.58E-05,0.003141732,0.000387495,3.48E-11,2.05E-05,1.30E-08,1.41E-16,0.2386311,0.0104511,0.00E+00,1.45E-14,1.96E-05,0.000537806,0.09822904,0.01288234,1.40E-09,7.31E-06,,
230400,5201.590993,212.8561,0.01556567,0.05876167,0.000560565,0.001372418,4.63E-09,3.12E-10,1.66E-08,1.12E-09,4.32E-10,2.97E-11,2.27E-12,2.97E-09,1.87E-08,4.63E-05,0.000100187,1.68E-06,4.27E-09,7.05E-11,7.96E-06,0.00E+00,0.00E+00,0.003611255,0.002758822,0.000235038,4.76E-05,8.82E-06,7.64E-16,1.27E-08,7.75E-15,0.00E+00,0.00E+00,7.81E-09,6.85E-10,5.01E-12,1.32E-12,1.19E-10,6.07E-07,1.80E-06,1.70E-05,0.003336685,0.000424995,1.54E-10,2.41E-05,4.73E-08,1.07E-14,0.2492809,0.01092956,0.00E+00,5.83E-14,3.02E-05,0.000570475,0.1038666,0.01360763,5.61E-09,8.46E-06,,
232200,5201.590993,212.8746,0.01637958,0.06297647,0.000597484,0.001462805,1.31E-08,9.58E-10,3.72E-08,3.15E-09,1.28E-09,8.97E-11,6.68E-12,8.61E-09,5.30E-08,5.24E-05,0.000107489,2.03E-06,1.23E-08,2.12E-10,8.81E-06,0.00E+00,0.00E+00,0.003849391,0.002983326,0.000295659,5.14E-05,1.00E-05,3.67E-15,3.03E-08,4.61E-14,0.00E+00,0.00E+00,2.23E-08,2.04E-09,1.54E-11,3.98E-12,3.50E-10,7.85E-07,2.10E-06,1.82E-05,0.003540193,0.00045892,4.57E-10,2.73E-05,1.29E-07,1.50E-13,0.2641707,0.01161522,0.00E+00,1.66E-13,4.16E-05,0.000610611,0.1097039,0.01436288,1.59E-08,9.48E-06,,
234000,5201.590993,212.8892,0.01723843,0.06705371,0.000634447,0.001553302,2.55E-08,2.00E-09,6.63E-08,6.09E-09,2.60E-09,1.85E-10,1.35E-11,1.71E-08,1.04E-07,5.80E-05,0.000114531,2.40E-06,2.43E-08,4.34E-10,9.62E-06,0.00E+00,0.00E+00,0.004083671,0.003200964,0.000352512,5.51E-05,1.12E-05,1.05E-14,5.57E-08,1.52E-13,0.00E+00,0.00E+00,4.37E-08,4.16E-09,3.21E-11,8.16E-12,7.07E-10,9.82E-07,2.38E-06,1.93E-05,0.003746847,0.000491687,9.23E-10,3.03E-05,2.40E-07,8.40E-13,0.2804594,0.01236909,0.00E+00,3.26E-13,5.25E-05,0.000653091,0.1156408,0.01513223,3.10E-08,1.04E-05,,
235800,5201.590993,212.9061,0.01579705,0.06418277,0.000596198,0.001459657,4.51E-08,3.48E-09,1.12E-07,1.09E-08,4.52E-09,3.22E-10,2.35E-11,2.98E-08,1.86E-07,5.81E-05,0.000109908,2.62E-06,4.25E-08,7.55E-10,9.48E-06,0.00E+00,0.00E+00,0.003870292,0.00307518,0.000378685,5.28E-05,1.13E-05,2.19E-14,9.52E-08,3.50E-13,0.00E+00,0.00E+00,7.71E-08,7.25E-09,5.59E-11,1.43E-11,1.23E-09,1.14E-06,2.46E-06,1.96E-05,0.00349428,0.000472283,1.60E-09,3.05E-05,4.25E-07,2.72E-12,0.2489492,0.01089438,0.00E+00,5.81E-13,0.000059831,0.000587754,0.1078552,0.01410744,5.51E-08,1.04E-05,,
237600,5201.590993,212.9137,0.01738948,0.06951065,0.000652019,0.001596322,6.51E-08,5.07E-09,1.59E-07,1.58E-08,6.55E-09,4.67E-10,3.40E-11,4.29E-08,2.71E-07,6.37E-05,0.000118944,3.04E-06,6.12E-08,1.10E-09,1.04E-05,0.00E+00,0.00E+00,0.004202961,0.003353024,0.000428017,5.78E-05,1.25E-05,3.66E-14,1.36E-07,6.28E-13,0.00E+00,0.00E+00,1.11E-07,1.05E-08,8.14E-11,2.07E-11,1.78E-09,1.37E-06,2.75E-06,2.07E-05,0.003826499,0.000513867,2.32E-09,3.35E-05,6.11E-07,6.13E-12,0.2820147,0.01243942,0.00E+00,8.43E-13,6.97E-05,0.000665068,0.1175843,0.01537662,7.97E-08,1.14E-05,,
239400,5201.590993,212.9082,0.01691446,0.06867567,0.000640373,0.001567808,8.50E-08,6.58E-09,2.07E-07,2.07E-08,8.49E-09,6.06E-10,4.42E-11,5.57E-08,3.58E-07,6.42E-05,0.000117632,3.26E-06,7.95E-08,1.42E-09,1.04E-05,0.00E+00,0.00E+00,0.004137281,0.003322296,0.000445557,5.72E-05,1.26E-05,5.22E-14,1.77E-07,9.39E-13,0.00E+00,0.00E+00,1.45E-07,1.36E-08,1.06E-10,2.70E-11,2.31E-09,1.52E-06,2.83E-06,2.10E-05,0.003746802,0.000508843,3.00E-09,3.38E-05,7.99E-07,1.06E-11,0.2718898,0.01196956,0.00E+00,1.11E-12,7.47E-05,0.000644939,0.1150461,0.01504143,1.05E-07,1.15E-05,,
241200,5201.590993,212.8866,0.01565341,0.0654975,0.000603074,0.001476492,1.02E-07,7.82E-09,2.48E-07,2.50E-08,1.01E-08,7.21E-10,5.27E-11,6.64E-08,4.33E-07,6.28E-05,0.000112387,3.39E-06,9.50E-08,1.69E-09,1.01E-05,0.00E+00,0.00E+00,0.003920038,0.00317432,0.000451019,5.46E-05,1.24E-05,6.53E-14,2.12E-07,1.21E-12,0.00E+00,0.00E+00,1.74E-07,1.62E-08,1.26E-10,3.21E-11,2.75E-09,1.62E-06,2.82E-06,2.10E-05,0.003510506,0.000486121,3.57E-09,3.32E-05,9.65E-07,1.50E-11,0.2454845,0.01074247,0.00E+00,1.34E-12,7.76E-05,0.000588154,0.107833,0.01409454,1.26E-07,1.12E-05,,
243000,5201.590993,212.8557,0.01597747,0.06653091,0.000614165,0.001503646,1.09E-07,8.45E-09,2.65E-07,2.68E-08,1.09E-08,7.78E-10,5.67E-11,7.12E-08,4.64E-07,6.38E-05,0.000114135,3.49E-06,1.02E-07,1.82E-09,1.02E-05,0.00E+00,0.00E+00,0.003985415,0.00322826,0.000460163,5.56E-05,1.27E-05,7.33E-14,2.26E-07,1.38E-12,0.00E+00,0.00E+00,1.87E-07,1.74E-08,1.36E-10,3.46E-11,2.96E-09,1.68E-06,2.88E-06,2.12E-05,0.00357701,0.000494165,3.84E-09,3.37E-05,1.03E-06,1.79E-11,0.2522851,0.0110604,0.00E+00,1.43E-12,7.96E-05,0.000603879,0.1097835,0.01434922,1.35E-07,1.14E-05,,
244800,5201.590993,212.8175,0.01558089,0.0654154,0.000601657,0.001473021,1.11E-07,8.54E-09,2.68E-07,2.71E-08,1.10E-08,7.86E-10,5.73E-11,7.20E-08,4.70E-07,6.30E-05,0.000112272,3.48E-06,1.03E-07,1.84E-09,1.01E-05,0.00E+00,0.00E+00,0.003911939,0.00317358,0.000456751,5.46E-05,1.25E-05,7.44E-14,2.29E-07,1.41E-12,0.00E+00,0.00E+00,1.89E-07,1.76E-08,1.37E-10,3.50E-11,2.99E-09,1.68E-06,2.86E-06,2.11E-05,0.003499689,0.000485873,3.88E-09,3.33E-05,1.04E-06,1.82E-11,0.2440202,0.01067587,0.00E+00,1.45E-12,7.92E-05,0.00058556,0.1074594,0.01404479,1.36E-07,1.13E-05,,
246600,5201.590993,212.7738,0.01536986,0.06471929,0.000594259,0.001454909,1.05E-07,8.05E-09,2.53E-07,2.56E-08,1.04E-08,7.42E-10,5.41E-11,6.81E-08,4.44E-07,6.23E-05,0.000111091,3.39E-06,9.74E-08,1.74E-09,9.97E-06,0.00E+00,0.00E+00,0.003868365,0.003136558,0.000449409,5.40E-05,1.24E-05,6.84E-14,2.17E-07,1.28E-12,0.00E+00,0.00E+00,1.79E-07,1.67E-08,1.29E-10,3.31E-11,2.83E-09,1.63E-06,2.81E-06,2.09E-05,0.003455723,0.000480379,3.67E-09,3.29E-05,9.85E-07,1.60E-11,0.239574,0.01046768,0.00E+00,1.37E-12,7.76E-05,0.000575145,0.1061805,0.01387796,1.29E-07,1.11E-05,,
248400,5201.590993,212.729,0.01539489,0.06450541,0.000593064,0.001451985,9.08E-08,7.00E-09,2.21E-07,2.22E-08,9.04E-09,6.46E-10,4.71E-11,5.93E-08,3.83E-07,6.14E-05,0.000110683,3.22E-06,8.48E-08,1.51E-09,9.86E-06,0.00E+00,0.00E+00,0.003860502,0.003119005,0.000435642,5.36E-05,1.21E-05,5.65E-14,1.88E-07,1.03E-12,0.00E+00,0.00E+00,1.55E-07,1.45E-08,1.13E-10,2.87E-11,2.46E-09,1.52E-06,2.74E-06,2.07E-05,0.003452995,0.000477992,3.20E-09,3.24E-05,8.55E-07,1.20E-11,0.2400473,0.01048678,0.00E+00,1.19E-12,7.40E-05,0.000574726,0.1062028,0.01388269,1.12E-07,1.10E-05,,
250200,5201.590993,212.6813,0.01610615,0.06605703,0.00061246,0.00149947,7.13E-08,5.55E-09,1.74E-07,1.73E-08,7.16E-09,5.11E-10,3.72E-11,4.69E-08,2.98E-07,6.15E-05,0.000113199,3.02E-06,6.70E-08,1.20E-09,9.94E-06,0.00E+00,0.00E+00,0.003972373,0.003185219,0.000421464,5.48E-05,1.21E-05,4.14E-14,1.49E-07,7.21E-13,0.00E+00,0.00E+00,1.22E-07,1.15E-08,8.91E-11,2.27E-11,1.95E-09,1.39E-06,2.68E-06,2.05E-05,0.003579947,0.000488392,2.53E-09,3.24E-05,6.69E-07,7.40E-12,0.2549671,0.01117851,0.00E+00,9.26E-13,6.96E-05,0.000605632,0.1101599,0.01440363,8.74E-08,1.10E-05,,
252000,5201.590993,212.6375,0.01621991,0.06567295,0.000611462,0.001497029,5.12E-08,3.97E-09,1.27E-07,1.24E-08,5.15E-09,3.67E-10,2.68E-11,3.38E-08,2.12E-07,5.98E-05,0.000112445,2.75E-06,4.83E-08,8.60E-10,9.73E-06,0.00E+00,0.00E+00,0.003962043,0.003153382,0.000393952,5.42E-05,1.16E-05,2.61E-14,1.08E-07,4.28E-13,0.00E+00,0.00E+00,8.76E-08,8.25E-09,6.37E-11,1.63E-11,1.40E-09,1.21E-06,2.54E-06,1.99E-05,0.003584279,0.000483983,1.82E-09,3.14E-05,4.82E-07,3.59E-12,0.25766,0.01130165,0.00E+00,6.61E-13,6.29E-05,0.000608419,0.1104798,0.01444941,6.26E-08,1.07E-05,,
253800,5201.590993,212.5972,0.01578697,0.06345809,0.000591436,0.001447998,3.16E-08,2.45E-09,8.05E-08,7.60E-09,3.19E-09,2.26E-10,1.65E-11,2.10E-08,1.29E-07,5.62E-05,0.000108591,2.40E-06,2.99E-08,5.31E-10,9.23E-06,0.00E+00,0.00E+00,0.003837267,0.003028015,0.000352159,5.20E-05,1.09E-05,1.36E-14,6.79E-08,2.03E-13,0.00E+00,0.00E+00,5.41E-08,5.10E-09,3.92E-11,1.00E-11,8.67E-10,1.01E-06,2.33E-06,1.91E-05,0.003474953,0.00046546,1.13E-09,2.94E-05,2.99E-07,1.26E-12,0.2491498,0.01090279,0.00E+00,4.05E-13,5.37E-05,0.000585159,0.1074452,0.01405742,3.85E-08,1.01E-05,,
255600,5201.590993,212.5672,0.0158031,0.06210735,0.000583524,0.001428626,1.61E-08,1.23E-09,4.40E-08,3.83E-09,1.62E-09,1.14E-10,8.41E-12,1.07E-08,6.48E-08,5.28E-05,0.000106135,2.09E-06,1.53E-08,2.69E-10,8.81E-06,0.00E+00,0.00E+00,0.003777159,0.002945206,0.000308406,5.07E-05,1.01E-05,5.32E-15,3.63E-08,7.02E-14,0.00E+00,0.00E+00,2.75E-08,2.59E-09,1.97E-11,5.05E-12,4.41E-10,8.28E-07,2.13E-06,1.83E-05,0.003444771,0.000453204,5.76E-10,2.75E-05,1.54E-07,2.75E-13,0.2508452,0.01098551,0.00E+00,2.04E-13,4.44E-05,0.000583465,0.1067835,0.01397758,1.95E-08,9.52E-06,,
257400,5201.590993,212.5435,0.01514251,0.05836992,0.000551704,0.001350723,7.23E-09,4.87E-10,2.30E-08,1.75E-09,6.74E-10,4.63E-11,3.54E-12,4.63E-09,2.93E-08,4.72E-05,9.96E-05,1.75E-06,6.66E-09,1.10E-10,8.02E-06,0.00E+00,0.00E+00,0.003569588,0.002744396,0.000250222,4.73E-05,9.00E-06,1.36E-15,1.81E-08,1.48E-14,0.00E+00,0.00E+00,1.22E-08,1.07E-09,7.82E-12,2.07E-12,1.85E-10,6.51E-07,1.86E-06,1.72E-05,0.003272188,0.000422874,2.41E-10,2.45E-05,7.38E-08,2.80E-14,0.2390134,0.0104402,0.00E+00,9.16E-14,3.34E-05,0.00055021,0.101877,0.01334425,8.79E-09,8.57E-06,,
259200,5201.590993,212.5287,0.01459324,0.05442029,0.000520934,0.001275389,1.63E-09,1.04E-10,8.60E-09,3.91E-10,1.49E-10,1.01E-11,7.84E-13,1.04E-09,6.51E-09,4.10E-05,9.27E-05,1.42E-06,1.50E-09,2.40E-11,7.19E-06,0.00E+00,0.00E+00,0.003357978,0.002536703,0.00018965,4.39E-05,7.79E-06,1.63E-16,6.12E-09,1.33E-15,0.00E+00,0.00E+00,2.74E-09,2.34E-10,1.67E-12,4.50E-13,4.12E-11,4.93E-07,1.57E-06,1.61E-05,0.003110983,0.000391118,5.32E-11,2.13E-05,1.72E-08,7.35E-16,0.2307017,0.01006844,0.00E+00,2.03E-14,2.27E-05,0.000523711,0.09726089,0.01275071,1.96E-09,7.56E-06,,
261000,5201.590993,212.5248,0.0137329,0.04876314,0.000476493,0.001166586,3.83E-10,1.69E-11,4.11E-09,9.70E-11,2.84E-11,1.77E-12,1.56E-13,2.18E-10,1.58E-09,3.30E-05,8.29E-05,1.07E-06,3.24E-10,4.36E-12,6.09E-06,0,0,0.003049776,0.00225136,0.000121838,3.92E-05,6.31E-06,4.27E-18,2.71E-09,2.07E-17,0,0,6.26E-10,4.36E-11,2.72E-13,8.28E-14,8.10E-12,3.45E-07,1.24E-06,1.48E-05,0.002872885,0.000346948,1.02E-11,1.73E-05,4.58E-09,1.15E-18,0.2175693,0.009484318,0,4.85E-15,1.25E-05,0.000484812,0.09026203,0.01184839,4.70E-10,6.27E-06,,
262800,5201.590993,212.5286,0.01219126,0.03961665,0.000404281,0.000989792,1.98E-10,7.53E-12,2.01E-09,5.11E-11,1.36E-11,8.21E-13,7.59E-14,1.08E-10,8.13E-10,2.23E-05,6.70E-05,6.75E-07,1.62E-10,2.05E-12,4.57E-06,0,0,0.002540422,0.001819409,5.60E-05,3.22E-05,4.45E-06,2.25E-21,1.38E-09,3.43E-21,0,0,3.21E-10,2.06E-11,1.21E-13,3.92E-14,3.93E-12,1.99E-07,8.37E-07,1.32E-05,0.002473941,0.000279045,4.89E-12,1.22E-05,2.46E-09,9.39E-25,0.1934029,0.008408967,0,2.53E-15,5.18E-06,0.00042035,0.07810114,0.01027601,2.45E-10,4.55E-06,,
264600,5201.590993,212.5321,0.00997555,0.0263519,0.000302926,0.000741646,8.92E-11,3.38E-12,5.20E-10,2.31E-11,6.11E-12,3.69E-13,3.41E-14,4.87E-11,3.67E-10,9.71E-06,4.38E-05,2.72E-07,7.30E-11,9.19E-13,2.65E-06,0,0,0.00179725,0.001232715,8.21E-06,2.27E-05,2.31E-06,4.56E-32,3.89E-10,1.26E-33,0,0,1.44E-10,9.27E-12,5.44E-14,1.76E-14,1.76E-12,6.91E-08,4.00E-07,1.14E-05,0.001905625,0.000185804,2.19E-12,6.31E-06,1.11E-09,0.00E+00,0.1600082,0.006970689,0,1.14E-15,1.23E-06,0.000339301,0.06005096,0.007936355,1.10E-10,2.46E-06,,
266400,5201.590993,212.5426,0.000803279,0.000474171,1.63E-05,4.00E-05,9.69E-12,3.86E-13,2.85E-11,2.47E-12,6.90E-13,4.18E-14,3.82E-15,5.44E-12,3.90E-11,1.08E-07,7.26E-07,3.63E-09,8.10E-12,1.04E-13,4.18E-08,0,0,5.32E-05,3.90E-05,1.73E-07,6.72E-07,3.38E-08,0.00E+00,2.22E-11,0.00E+00,0,0,1.58E-11,1.05E-12,6.16E-15,1.97E-15,1.98E-13,9.59E-10,5.44E-09,9.85E-06,0.000127278,4.39E-06,2.46E-13,1.00E-07,1.21E-10,0.00E+00,0.04245703,0.002663209,0,1.23E-16,2.48E-08,0.000114489,0.002238019,0.000261491,1.19E-11,3.55E-08,,
268200,5201.590993,212.5461,0,0,0,0,0,0,0,0,0,0,0,0,0,0,0,0,0,0,0,0,0,0,0,0,0,0,0,0,0,0,0,0,0,0,0,0,0,0,0,0,0,0,0,0,0,0,0,0,0,0,0,0,0,0,0,,
270000,5201.590993,212.554,0,0,0,0,0,0,0,0,0,0,0,0,0,0,0,0,0,0,0,0,0,0,0,0,0,0,0,0,0,0,0,0,0,0,0,0,0,0,0,0,0,0,0,0,0,0,0,0,0,0,0,0,0,0,0,,
271800,5201.590993,212.5586,0,0,0,0,0,0,0,0,0,0,0,0,0,0,0,0,0,0,0,0,0,0,0,0,0,0,0,0,0,0,0,0,0,0,0,0,0,0,0,0,0,0,0,0,0,0,0,0,0,0,0,0,0,0,0,,
273600,5201.590993,212.557,0,0,0,0,0,0,0,0,0,0,0,0,0,0,0,0,0,0,0,0,0,0,0,0,0,0,0,0,0,0,0,0,0,0,0,0,0,0,0,0,0,0,0,0,0,0,0,0,0,0,0,0,0,0,0,,
275400,5201.590993,212.5581,0,0,0,0,0,0,0,0,0,0,0,0,0,0,0,0,0,0,0,0,0,0,0,0,0,0,0,0,0,0,0,0,0,0,0,0,0,0,0,0,0,0,0,0,0,0,0,0,0,0,0,0,0,0,0,,
277200,5201.590993,212.5556,0,0,0,0,0,0,0,0,0,0,0,0,0,0,0,0,0,0,0,0,0,0,0,0,0,0,0,0,0,0,0,0,0,0,0,0,0,0,0,0,0,0,0,0,0,0,0,0,0,0,0,0,0,0,0,,
279000,5201.590993,212.557,0,0,0,0,0,0,0,0,0,0,0,0,0,0,0,0,0,0,0,0,0,0,0,0,0,0,0,0,0,0,0,0,0,0,0,0,0,0,0,0,0,0,0,0,0,0,0,0,0,0,0,0,0,0,0,,
280800,5201.590993,212.5569,0,0,0,0,0,0,0,0,0,0,0,0,0,0,0,0,0,0,0,0,0,0,0,0,0,0,0,0,0,0,0,0,0,0,0,0,0,0,0,0,0,0,0,0,0,0,0,0,0,0,0,0,0,0,0,,
282600,5201.590993,212.5417,0,0,0,0,0,0,0,0,0,0,0,0,0,0,0,0,0,0,0,0,0,0,0,0,0,0,0,0,0,0,0,0,0,0,0,0,0,0,0,0,0,0,0,0,0,0,0,0,0,0,0,0,0,0,0,,
284400,5201.590993,212.51,0,0,0,0,0,0,0,0,0,0,0,0,0,0,0,0,0,0,0,0,0,0,0,0,0,0,0,0,0,0,0,0,0,0,0,0,0,0,0,0,0,0,0,0,0,0,0,0,0,0,0,0,0,0,0,,
286200,5201.590993,212.4682,0,0,0,0,0,0,0,0,0,0,0,0,0,0,0,0,0,0,0,0,0,0,0,0,0,0,0,0,0,0,0,0,0,0,0,0,0,0,0,0,0,0,0,0,0,0,0,0,0,0,0,0,0,0,0,,
288000,5201.590993,212.4119,0,0,0,0,0,0,0,0,0,0,0,0,0,0,0,0,0,0,0,0,0,0,0,0,0,0,0,0,0,0,0,0,0,0,0,0,0,0,0,0,0,0,0,0,0,0,0,0,0,0,0,0,0,0,0,,
289800,5201.590993,212.3443,0,0,0,0,0,0,0,0,0,0,0,0,0,0,0,0,0,0,0,0,0,0,0,0,0,0,0,0,0,0,0,0,0,0,0,0,0,0,0,0,0,0,0,0,0,0,0,0,0,0,0,0,0,0,0,,
291600,5201.590993,212.2649,0,0,0,0,0,0,0,0,0,0,0,0,0,0,0,0,0,0,0,0,0,0,0,0,0,0,0,0,0,0,0,0,0,0,0,0,0,0,0,0,0,0,0,0,0,0,0,0,0,0,0,0,0,0,0,,
293400,5201.590993,212.1755,0,0,0,0,0,0,0,0,0,0,0,0,0,0,0,0,0,0,0,0,0,0,0,0,0,0,0,0,0,0,0,0,0,0,0,0,0,0,0,0,0,0,0,0,0,0,0,0,0,0,0,0,0,0,0,,
295200,5201.590993,212.0777,0,0,0,0,0,0,0,0,0,0,0,0,0,0,0,0,0,0,0,0,0,0,0,0,0,0,0,0,0,0,0,0,0,0,0,0,0,0,0,0,0,0,0,0,0,0,0,0,0,0,0,0,0,0,0,,
297000,5201.590993,211.9724,0,0,0,0,0,0,0,0,0,0,0,0,0,0,0,0,0,0,0,0,0,0,0,0,0,0,0,0,0,0,0,0,0,0,0,0,0,0,0,0,0,0,0,0,0,0,0,0,0,0,0,0,0,0,0,,
298800,5201.590993,211.8634,0,0,0,0,0,0,0,0,0,0,0,0,0,0,0,0,0,0,0,0,0,0,0,0,0,0,0,0,0,0,0,0,0,0,0,0,0,0,0,0,0,0,0,0,0,0,0,0,0,0,0,0,0,0,0,,
300600,5201.590993,211.7523,0,0,0,0,0,0,0,0,0,0,0,0,0,0,0,0,0,0,0,0,0,0,0,0,0,0,0,0,0,0,0,0,0,0,0,0,0,0,0,0,0,0,0,0,0,0,0,0,0,0,0,0,0,0,0,,
302400,5201.590993,211.6417,0,0,0,0,0,0,0,0,0,0,0,0,0,0,0,0,0,0,0,0,0,0,0,0,0,0,0,0,0,0,0,0,0,0,0,0,0,0,0,0,0,0,0,0,0,0,0,0,0,0,0,0,0,0,0,,
304200,5201.590993,211.5402,0,0,0,0,0,0,0,0,0,0,0,0,0,0,0,0,0,0,0,0,0,0,0,0,0,0,0,0,0,0,0,0,0,0,0,0,0,0,0,0,0,0,0,0,0,0,0,0,0,0,0,0,0,0,0,,
306000,5201.590993,211.4469,0,0,0,0,0,0,0,0,0,0,0,0,0,0,0,0,0,0,0,0,0,0,0,0,0,0,0,0,0,0,0,0,0,0,0,0,0,0,0,0,0,0,0,0,0,0,0,0,0,0,0,0,0,0,0,,
307800,5201.590993,211.3634,1.14E-05,3.09E-05,3.41E-07,8.34E-07,5.00E-13,1.76E-14,1.74E-12,1.34E-13,3.20E-14,1.92E-15,1.82E-16,2.60E-13,2.17E-12,9.23E-09,5.12E-08,2.96E-10,3.95E-13,4.78E-15,2.97E-09,0,0,2.09E-06,1.41E-06,1.61E-08,2.62E-08,2.54E-09,0,1.31E-12,0,0,0,8.07E-13,4.86E-14,2.82E-16,9.41E-17,9.34E-15,7.90E-11,4.30E-10,9.83E-06,2.18E-06,2.13E-07,1.15E-14,6.57E-09,6.18E-12,0,0.000674462,9.39E-05,0,6.54E-18,2.15E-09,3.82E-06,6.99E-05,9.37E-06,6.31E-13,2.69E-09,,
309600,5201.590993,211.29,0.007969485,0.01786286,0.000228416,0.000559225,5.82E-11,2.21E-12,2.43E-10,1.51E-11,3.98E-12,2.39E-13,2.23E-14,3.17E-11,2.40E-10,4.89E-06,2.91E-05,1.41E-07,4.76E-11,5.97E-13,1.67E-06,0,0,0.001283689,0.000867133,2.24E-06,1.64E-05,1.37E-06,0.00E+00,1.86E-10,0.00E+00,0,0,9.43E-11,6.02E-12,3.51E-14,1.14E-14,1.15E-12,3.29E-08,2.26E-07,1.07E-05,0.001461271,0.000128779,1.42E-12,3.60E-06,7.22E-10,0.00E+00,0.1269215,0.005422652,0,7.44E-16,5.92E-07,0.000268812,0.04561511,0.006042283,7.21E-11,1.48E-06,,
311400,5201.590993,211.2328,0.01152,0.03587696,0.000373902,0.000915416,1.58E-10,6.01E-12,1.41E-09,4.11E-11,1.08E-11,6.49E-13,6.06E-14,8.64E-11,6.50E-10,1.84E-05,6.04E-05,5.38E-07,1.30E-10,1.62E-12,3.99E-06,0,0,0.002329226,0.001647013,3.57E-05,2.92E-05,3.75E-06,2.19E-23,9.93E-10,1.63E-23,0,0,2.56E-10,1.64E-11,9.54E-14,3.11E-14,3.13E-12,1.49E-07,6.94E-07,1.26E-05,0.002306207,0.000251857,3.86E-12,9.94E-06,1.96E-09,1.46E-28,0.1825959,0.007821742,0,2.02E-15,3.27E-06,0.000393234,0.07291917,0.009604731,1.96E-10,3.89E-06,,
313200,5201.590993,211.1946,0.01326716,0.04603431,0.000454127,0.001111828,3.13E-10,1.25E-11,3.40E-09,8.06E-11,2.20E-11,1.33E-12,1.22E-13,1.73E-10,1.29E-09,2.97E-05,7.81E-05,9.44E-07,2.59E-10,3.32E-12,5.63E-06,0,0,0.002897606,0.002120651,9.99E-05,3.69E-05,5.70E-06,7.12E-19,2.26E-09,2.66E-18,0,0,5.08E-10,3.34E-11,1.98E-13,6.33E-14,6.34E-12,2.93E-07,1.11E-06,1.43E-05,0.002752784,0.000326477,7.84E-12,1.52E-05,3.85E-09,4.60E-20,0.2100792,0.009027238,0,3.98E-15,9.85E-06,0.000465038,0.08662918,0.01137868,3.86E-10,5.72E-06,,
315000,5201.590993,211.1823,0.01458947,0.0533008,0.000514292,0.001259127,1.19E-09,6.58E-11,7.20E-09,2.94E-10,9.97E-11,6.51E-12,5.35E-13,7.26E-10,4.84E-09,3.89E-05,9.07E-05,1.32E-06,1.06E-09,1.57E-11,6.92E-06,0.00E+00,0.00E+00,0.003306031,0.002480134,0.00017016,4.28E-05,7.38E-06,6.52E-17,5.00E-09,4.71E-16,0.00E+00,0.00E+00,1.98E-09,1.55E-10,1.05E-12,2.96E-13,2.80E-11,4.46E-07,1.48E-06,1.58E-05,0.003086496,0.000382197,3.56E-11,1.96E-05,1.34E-08,1.49E-16,0.232448,0.01002802,0.00E+00,1.49E-14,1.97E-05,0.000524875,0.09654701,0.01266149,1.45E-09,7.21E-06,,
316800,5201.590993,211.182,0.01581488,0.05950197,0.000567947,0.001390492,4.76E-09,3.21E-10,1.70E-08,1.15E-09,4.44E-10,3.04E-11,2.33E-12,3.05E-09,1.93E-08,4.69E-05,0.000101361,1.69E-06,4.40E-09,7.22E-11,8.06E-06,0.00E+00,0.00E+00,0.003659197,0.002795876,0.000238756,4.80E-05,8.89E-06,7.93E-16,1.30E-08,8.09E-15,0.00E+00,0.00E+00,8.04E-09,7.02E-10,5.12E-12,1.36E-12,1.22E-10,6.10E-07,1.83E-06,1.71E-05,0.00338644,0.000430592,1.58E-10,2.36E-05,4.87E-08,1.12E-14,0.2542943,0.01101419,0.00E+00,6.01E-14,3.07E-05,0.000582258,0.105349,0.01380148,5.78E-09,8.54E-06,,
318600,5201.590993,211.1931,0.01594598,0.0618955,0.000583825,0.001429366,1.35E-08,9.82E-10,3.81E-08,3.24E-09,1.31E-09,9.16E-11,6.85E-12,8.82E-09,5.45E-08,5.18E-05,0.000105629,2.01E-06,1.26E-08,2.16E-10,8.69E-06,0.00E+00,0.00E+00,0.003775571,0.002931121,0.00029503,5.02E-05,9.88E-06,3.79E-15,3.10E-08,4.78E-14,0.00E+00,0.00E+00,2.29E-08,2.09E-09,1.57E-11,4.07E-12,3.59E-10,7.76E-07,2.08E-06,1.81E-05,0.003458898,0.000451028,4.66E-10,2.61E-05,1.32E-07,1.55E-13,0.2546333,0.01101847,0.00E+00,1.71E-13,4.17E-05,0.000590329,0.1072589,0.01404237,1.63E-08,9.34E-06,,
320400,5201.590993,211.2029,0.01708199,0.06669354,0.000629204,0.001540464,2.62E-08,2.05E-09,6.81E-08,6.28E-09,2.66E-09,1.88E-10,1.38E-11,1.75E-08,1.07E-07,5.79E-05,0.000113865,2.39E-06,2.49E-08,4.43E-10,9.59E-06,0.00E+00,0.00E+00,0.004058369,0.003184667,0.000354113,5.46E-05,1.11E-05,1.08E-14,5.70E-08,1.58E-13,0.00E+00,0.00E+00,4.48E-08,4.25E-09,3.27E-11,8.34E-12,7.24E-10,9.79E-07,2.38E-06,1.93E-05,0.003718499,0.000489188,9.40E-10,2.93E-05,2.46E-07,8.65E-13,0.2769522,0.01204238,0.00E+00,3.34E-13,5.30E-05,0.000646179,0.1147712,0.01501798,3.18E-08,1.04E-05,,
322200,5201.590993,211.2198,0.01686442,0.067196,0.000629299,0.001540698,4.61E-08,3.56E-09,1.15E-07,1.12E-08,4.62E-09,3.28E-10,2.40E-11,3.04E-08,1.91E-07,6.04E-05,0.000114872,2.70E-06,4.34E-08,7.70E-10,9.88E-06,0.00E+00,0.00E+00,0.004068291,0.003225743,0.000391749,5.52E-05,1.17E-05,2.25E-14,9.75E-08,3.61E-13,0.00E+00,0.00E+00,7.89E-08,7.39E-09,5.68E-11,1.46E-11,1.26E-09,1.17E-06,2.55E-06,2.00E-05,0.003703411,0.000494981,1.63E-09,3.07E-05,4.36E-07,2.79E-12,0.2714007,0.01178448,0.00E+00,5.95E-13,6.18E-05,0.000638428,0.1140885,0.01492322,5.64E-08,1.08E-05,,
324000,5201.590993,211.2344,0.01692403,0.06826786,0.000636943,0.001559412,6.65E-08,5.17E-09,1.64E-07,1.62E-08,6.67E-09,4.75E-10,3.47E-11,4.38E-08,2.78E-07,6.29E-05,0.000116802,3.01E-06,6.25E-08,1.12E-09,1.02E-05,0.00E+00,0.00E+00,0.004119855,0.003293432,0.000426748,5.64E-05,1.23E-05,3.76E-14,1.39E-07,6.47E-13,0.00E+00,0.00E+00,1.14E-07,1.07E-08,8.27E-11,2.11E-11,1.82E-09,1.36E-06,2.72E-06,2.07E-05,0.003737616,0.000504793,2.35E-09,3.21E-05,6.25E-07,6.27E-12,0.2720593,0.01181551,0.00E+00,8.63E-13,6.99E-05,0.000643815,0.1148978,0.01502449,8.16E-08,1.12E-05,,
325800,5201.590993,211.2392,0.01821962,0.07244111,0.000681392,0.001668235,8.68E-08,6.71E-09,2.13E-07,2.13E-08,8.65E-09,6.16E-10,4.51E-11,5.67E-08,3.67E-07,6.71E-05,0.000123858,3.37E-06,8.11E-08,1.45E-09,1.09E-05,0.00E+00,0.00E+00,0.004383225,0.003510454,0.000462997,6.03E-05,1.32E-05,5.34E-14,1.81E-07,9.64E-13,0.00E+00,0.00E+00,1.48E-07,1.39E-08,1.07E-10,2.75E-11,2.36E-09,1.56E-06,2.95E-06,2.15E-05,0.004004258,0.000537225,3.05E-09,3.43E-05,8.17E-07,1.08E-11,0.2990609,0.01305974,0.00E+00,1.13E-12,7.73E-05,0.000706368,0.1227295,0.01604705,1.07E-07,1.20E-05,,
327600,5201.590993,211.2374,0.01771151,0.07143711,0.000668222,0.001635991,1.04E-07,7.96E-09,2.55E-07,2.57E-08,1.03E-08,7.32E-10,5.37E-11,6.76E-08,4.44E-07,6.73E-05,0.000122254,3.55E-06,9.68E-08,1.72E-09,1.09E-05,0.00E+00,0.00E+00,0.004308041,0.00347003,0.000477175,5.96E-05,1.33E-05,6.68E-14,2.16E-07,1.24E-12,0.00E+00,0.00E+00,1.78E-07,1.65E-08,1.27E-10,3.27E-11,2.80E-09,1.68E-06,3.01E-06,2.18E-05,0.003916177,0.000530776,3.62E-09,3.45E-05,9.86E-07,1.53E-11,0.28829,0.01256637,0.00E+00,1.36E-12,8.15E-05,0.00068445,0.1199594,0.0156819,1.29E-07,1.20E-05,,
329400,5201.590993,211.2295,0.01784755,0.0719493,0.000673407,0.001648686,1.11E-07,8.59E-09,2.72E-07,2.75E-08,1.11E-08,7.89E-10,5.77E-11,7.25E-08,4.76E-07,6.79E-05,0.000123132,3.65E-06,1.04E-07,1.85E-09,1.10E-05,0.00E+00,0.00E+00,0.004338965,0.003498302,0.000484671,6.01E-05,1.34E-05,7.49E-14,2.31E-07,1.42E-12,0.00E+00,0.00E+00,1.91E-07,1.77E-08,1.38E-10,3.52E-11,3.02E-09,1.74E-06,3.06E-06,2.19E-05,0.003946161,0.000534935,3.89E-09,3.49E-05,1.05E-06,1.82E-11,0.2911206,0.01269722,0.00E+00,1.46E-12,8.33E-05,0.000691379,0.1208156,0.01579327,1.38E-07,1.22E-05,,
331200,5201.590993,211.2127,0.0180549,0.07256694,0.000680173,0.001665252,1.13E-07,8.69E-09,2.75E-07,2.78E-08,1.12E-08,7.98E-10,5.84E-11,7.33E-08,4.82E-07,6.85E-05,0.000124169,3.68E-06,1.05E-07,1.87E-09,1.10E-05,0.00E+00,0.00E+00,0.004378902,0.003529354,0.00048805,6.06E-05,1.35E-05,7.60E-14,2.34E-07,1.44E-12,0.00E+00,0.00E+00,1.93E-07,1.79E-08,1.39E-10,3.56E-11,3.05E-09,1.76E-06,3.08E-06,2.20E-05,0.003987499,0.000539612,3.94E-09,3.51E-05,1.06E-06,1.86E-11,0.2954374,0.01289567,0.00E+00,1.48E-12,8.39E-05,0.000701123,0.1220467,0.01595432,1.39E-07,1.23E-05,,
333000,5201.590993,211.1874,0.01799597,0.07228633,0.000677512,0.001658735,1.07E-07,8.19E-09,2.60E-07,2.62E-08,1.05E-08,7.52E-10,5.51E-11,6.93E-08,4.54E-07,6.80E-05,0.00012368,3.60E-06,9.91E-08,1.77E-09,1.10E-05,0.00E+00,0.00E+00,0.004362918,0.00351269,0.000481804,6.03E-05,1.34E-05,6.98E-14,2.21E-07,1.31E-12,0.00E+00,0.00E+00,1.82E-07,1.69E-08,1.31E-10,3.36E-11,2.88E-09,1.71E-06,3.04E-06,2.19E-05,0.003972924,0.000537202,3.72E-09,3.49E-05,1.01E-06,1.63E-11,0.2942103,0.0128386,0.00E+00,1.40E-12,8.23E-05,0.000697817,0.1216496,0.01590299,1.32E-07,1.22E-05,,
334800,5201.590993,211.1524,0.01798047,0.07191695,0.000674813,0.001652128,9.26E-08,7.13E-09,2.27E-07,2.27E-08,9.19E-09,6.55E-10,4.80E-11,6.04E-08,3.93E-07,6.70E-05,0.000123008,3.42E-06,8.64E-08,1.54E-09,1.08E-05,0.00E+00,0.00E+00,0.004345591,0.003487332,0.000466768,5.99E-05,1.32E-05,5.77E-14,1.93E-07,1.05E-12,0.00E+00,0.00E+00,1.58E-07,1.47E-08,1.14E-10,2.92E-11,2.51E-09,1.60E-06,2.96E-06,2.16E-05,0.003961369,0.000533629,3.24E-09,3.43E-05,8.74E-07,1.22E-11,0.2939692,0.01282607,0.00E+00,1.21E-12,7.86E-05,0.000695714,0.1214048,0.01587277,1.14E-07,1.20E-05,,
336600,5201.590993,211.105,0.0178422,0.07100336,0.000666936,0.001632842,7.27E-08,5.65E-09,1.79E-07,1.77E-08,7.28E-09,5.19E-10,3.79E-11,4.78E-08,3.05E-07,6.52E-05,0.000121395,3.15E-06,6.83E-08,1.22E-09,1.06E-05,0.00E+00,0.00E+00,0.004296645,0.00343139,0.000442289,5.89E-05,1.27E-05,4.23E-14,1.52E-07,7.38E-13,0.00E+00,0.00E+00,1.24E-07,1.17E-08,9.03E-11,2.31E-11,1.98E-09,1.43E-06,2.83E-06,2.11E-05,0.003920777,0.000525554,2.57E-09,3.33E-05,6.83E-07,7.54E-12,0.2912652,0.01269994,0.00E+00,9.45E-13,7.26E-05,0.000687238,0.1203425,0.01573654,8.93E-08,1.17E-05,,
338400,5201.590993,211.0529,0.01759072,0.06954271,0.000654133,0.001601498,5.22E-08,4.04E-09,1.30E-07,1.27E-08,5.24E-09,3.72E-10,2.73E-11,3.45E-08,2.17E-07,6.26E-05,0.000118837,2.85E-06,4.92E-08,8.74E-10,1.02E-05,0.00E+00,0.00E+00,0.004216375,0.003346142,0.000409972,5.74E-05,1.21E-05,2.67E-14,1.10E-07,4.38E-13,0.00E+00,0.00E+00,8.94E-08,8.38E-09,6.46E-11,1.65E-11,1.43E-09,1.25E-06,2.66E-06,2.04E-05,0.003852702,0.000513066,1.85E-09,3.19E-05,4.93E-07,3.67E-12,0.2864464,0.01247753,0.00E+00,6.75E-13,6.52E-05,0.000673196,0.1184915,0.01549809,6.39E-08,1.12E-05,,
340200,5201.590993,210.9988,0.01720994,0.06739394,0.000635339,0.001555486,3.23E-08,2.49E-09,8.28E-08,7.79E-09,3.24E-09,2.30E-10,1.69E-11,2.14E-08,1.33E-07,5.91E-05,0.000115086,2.50E-06,3.05E-08,5.40E-10,9.75E-06,0.00E+00,0.00E+00,0.004097441,0.003223777,0.000367007,5.52E-05,1.14E-05,1.39E-14,6.95E-08,2.08E-13,0.00E+00,0.00E+00,5.53E-08,5.19E-09,3.98E-11,1.02E-11,8.84E-10,1.04E-06,2.45E-06,1.96E-05,0.003751772,0.000494987,1.15E-09,2.99E-05,3.06E-07,1.29E-12,0.2792971,0.01214951,0.00E+00,4.14E-13,5.58E-05,0.000652759,0.1157036,0.01513843,3.94E-08,1.06E-05,,
342000,5201.590993,210.9445,0.0165533,0.06416111,0.000606234,0.001484227,1.64E-08,1.26E-09,4.51E-08,3.93E-09,1.65E-09,1.16E-10,8.58E-12,1.10E-08,6.63E-08,5.43E-05,0.000109489,2.14E-06,1.56E-08,2.74E-10,9.08E-06,0.00E+00,0.00E+00,0.003913262,0.003047788,0.00031638,5.22E-05,1.04E-05,5.46E-15,3.71E-08,7.21E-14,0.00E+00,0.00E+00,2.81E-08,2.63E-09,2.00E-11,5.15E-12,4.50E-10,8.41E-07,2.19E-06,1.86E-05,0.003590418,0.000468655,5.85E-10,2.74E-05,1.57E-07,2.82E-13,0.2668326,0.01157935,0.00E+00,2.09E-13,4.55E-05,0.000619569,0.1111161,0.01454452,1.99E-08,9.77E-06,,
343800,5201.590993,210.8904,0.01591022,0.06039901,0.000574612,0.001406808,7.40E-09,4.98E-10,2.36E-08,1.80E-09,6.87E-10,4.71E-11,3.62E-12,4.72E-09,3.01E-08,4.86E-05,0.000102943,1.79E-06,6.81E-09,1.12E-10,8.28E-06,0.00E+00,0.00E+00,0.003705394,0.002845623,0.000256969,4.89E-05,9.22E-06,1.39E-15,1.85E-08,1.53E-14,0.00E+00,0.00E+00,1.25E-08,1.09E-09,7.95E-12,2.11E-12,1.89E-10,6.62E-07,1.91E-06,1.75E-05,0.003419645,0.000438104,2.45E-10,2.44E-05,7.55E-08,2.89E-14,0.2556452,0.01107435,0.00E+00,9.37E-14,3.42E-05,0.000587582,0.1062558,0.01391719,9.00E-09,8.81E-06,,
345600,5201.590993,210.8432,0.01491137,0.05525266,0.000530023,0.001297643,1.66E-09,1.07E-10,8.77E-09,4.02E-10,1.52E-10,1.02E-11,8.02E-13,1.06E-09,6.67E-09,4.16E-05,9.40E-05,1.44E-06,1.53E-09,2.45E-11,7.29E-06,0.00E+00,0.00E+00,0.003413755,0.002578525,0.000192621,4.44E-05,7.87E-06,1.68E-16,6.24E-09,1.37E-15,0.00E+00,0.00E+00,2.80E-09,2.39E-10,1.70E-12,4.59E-13,4.21E-11,4.95E-07,1.59E-06,1.62E-05,0.003172042,0.000397401,5.41E-11,2.09E-05,1.76E-08,7.61E-16,0.2376542,0.01025951,0.00E+00,2.08E-14,2.31E-05,0.000539631,0.09906274,0.01298623,2.01E-09,7.65E-06,,
347400,5201.590993,210.7956,0.01401051,0.04951685,0.000484482,0.001186145,3.90E-10,1.72E-11,4.18E-09,9.92E-11,2.88E-11,1.79E-12,1.59E-13,2.22E-10,1.61E-09,3.35E-05,8.41E-05,1.08E-06,3.29E-10,4.42E-12,6.18E-06,0,0,0.003099854,0.002288299,0.000123825,3.97E-05,6.38E-06,4.43E-18,2.76E-09,2.15E-17,0,0,6.37E-10,4.42E-11,2.74E-13,8.40E-14,8.25E-12,3.46E-07,1.26E-06,1.49E-05,0.002926619,0.000352526,1.03E-11,1.70E-05,4.67E-09,1.20E-18,0.2233049,0.009623549,0,4.94E-15,1.27E-05,0.000497925,0.09186959,0.01205872,4.78E-10,6.34E-06,,
349200,5201.590993,210.7546,0.01234765,0.04002552,0.000408523,0.001000176,2.01E-10,7.64E-12,2.05E-09,5.21E-11,1.38E-11,8.25E-13,7.70E-14,1.10E-10,8.27E-10,2.26E-05,6.76E-05,6.82E-07,1.65E-10,2.06E-12,4.62E-06,0,0,0.002567749,0.001839399,5.68E-05,3.24E-05,4.48E-06,2.36E-21,1.40E-09,3.58E-21,0,0,3.26E-10,2.08E-11,1.21E-13,3.95E-14,3.98E-12,1.98E-07,8.46E-07,1.32E-05,0.002503931,0.000282055,4.91E-12,1.19E-05,2.49E-09,9.98E-25,0.196715,0.008453091,0,2.56E-15,5.23E-06,0.000428056,0.07899231,0.01039243,2.48E-10,4.58E-06,,
351000,5201.590993,210.716,0.009979017,0.02637436,0.000302712,0.000741122,9.02E-11,3.42E-12,5.25E-10,2.34E-11,6.16E-12,3.70E-13,3.45E-14,4.92E-11,3.72E-10,9.74E-06,4.38E-05,2.73E-07,7.38E-11,9.23E-13,2.65E-06,0,0,0.001798186,0.001233754,8.29E-06,2.26E-05,2.30E-06,5.07E-32,3.93E-10,1.42E-33,0,0,1.46E-10,9.32E-12,5.43E-14,1.77E-14,1.78E-12,6.83E-08,4.01E-07,1.14E-05,0.001906629,0.00018597,2.20E-12,6.06E-06,1.12E-09,0.00E+00,0.1600591,0.006880693,0,1.15E-15,1.23E-06,0.000339683,0.06007792,0.007939676,1.12E-10,2.46E-06,,
352800,5201.590993,210.6861,0.000792613,0.000468329,1.61E-05,3.94E-05,9.73E-12,3.88E-13,2.87E-11,2.49E-12,6.91E-13,4.16E-14,3.84E-15,5.46E-12,3.93E-11,1.08E-07,7.17E-07,3.61E-09,8.13E-12,1.04E-13,4.14E-08,0,0,5.24E-05,3.85E-05,1.73E-07,6.58E-07,3.34E-08,0.00E+00,2.23E-11,0.00E+00,0,0,1.58E-11,1.04E-12,6.10E-15,1.97E-15,1.99E-13,9.42E-10,5.40E-09,9.86E-06,0.000125709,4.32E-06,2.45E-13,9.48E-08,1.21E-10,0.00E+00,0.04227034,0.002624367,0,1.23E-16,2.47E-08,0.000114284,0.002200815,0.000256904,1.19E-11,3.51E-08,,
354600,5201.590993,210.6506,0,0,0,0,0,0,0,0,0,0,0,0,0,0,0,0,0,0,0,0,0,0,0,0,0,0,0,0,0,0,0,0,0,0,0,0,0,0,0,0,0,0,0,0,0,0,0,0,0,0,0,0,0,0,0,,
356400,5201.590993,210.628,0,0,0,0,0,0,0,0,0,0,0,0,0,0,0,0,0,0,0,0,0,0,0,0,0,0,0,0,0,0,0,0,0,0,0,0,0,0,0,0,0,0,0,0,0,0,0,0,0,0,0,0,0,0,0,,
358200,5201.590993,210.613,0,0,0,0,0,0,0,0,0,0,0,0,0,0,0,0,0,0,0,0,0,0,0,0,0,0,0,0,0,0,0,0,0,0,0,0,0,0,0,0,0,0,0,0,0,0,0,0,0,0,0,0,0,0,0,,
360000,5201.590993,210.6048,0,0,0,0,0,0,0,0,0,0,0,0,0,0,0,0,0,0,0,0,0,0,0,0,0,0,0,0,0,0,0,0,0,0,0,0,0,0,0,0,0,0,0,0,0,0,0,0,0,0,0,0,0,0,0,,
361800,5201.590993,210.6034,0,0,0,0,0,0,0,0,0,0,0,0,0,0,0,0,0,0,0,0,0,0,0,0,0,0,0,0,0,0,0,0,0,0,0,0,0,0,0,0,0,0,0,0,0,0,0,0,0,0,0,0,0,0,0,,
363600,5201.590993,210.6127,0,0,0,0,0,0,0,0,0,0,0,0,0,0,0,0,0,0,0,0,0,0,0,0,0,0,0,0,0,0,0,0,0,0,0,0,0,0,0,0,0,0,0,0,0,0,0,0,0,0,0,0,0,0,0,,
365400,5201.590993,210.6327,0,0,0,0,0,0,0,0,0,0,0,0,0,0,0,0,0,0,0,0,0,0,0,0,0,0,0,0,0,0,0,0,0,0,0,0,0,0,0,0,0,0,0,0,0,0,0,0,0,0,0,0,0,0,0,,
367200,5201.590993,210.6549,0,0,0,0,0,0,0,0,0,0,0,0,0,0,0,0,0,0,0,0,0,0,0,0,0,0,0,0,0,0,0,0,0,0,0,0,0,0,0,0,0,0,0,0,0,0,0,0,0,0,0,0,0,0,0,,
369000,5201.590993,210.6747,0,0,0,0,0,0,0,0,0,0,0,0,0,0,0,0,0,0,0,0,0,0,0,0,0,0,0,0,0,0,0,0,0,0,0,0,0,0,0,0,0,0,0,0,0,0,0,0,0,0,0,0,0,0,0,,
370800,5201.590993,210.6873,0,0,0,0,0,0,0,0,0,0,0,0,0,0,0,0,0,0,0,0,0,0,0,0,0,0,0,0,0,0,0,0,0,0,0,0,0,0,0,0,0,0,0,0,0,0,0,0,0,0,0,0,0,0,0,,
372600,5201.590993,210.6874,0,0,0,0,0,0,0,0,0,0,0,0,0,0,0,0,0,0,0,0,0,0,0,0,0,0,0,0,0,0,0,0,0,0,0,0,0,0,0,0,0,0,0,0,0,0,0,0,0,0,0,0,0,0,0,,
374400,5201.590993,210.6807,0,0,0,0,0,0,0,0,0,0,0,0,0,0,0,0,0,0,0,0,0,0,0,0,0,0,0,0,0,0,0,0,0,0,0,0,0,0,0,0,0,0,0,0,0,0,0,0,0,0,0,0,0,0,0,,
376200,5201.590993,210.6743,0,0,0,0,0,0,0,0,0,0,0,0,0,0,0,0,0,0,0,0,0,0,0,0,0,0,0,0,0,0,0,0,0,0,0,0,0,0,0,0,0,0,0,0,0,0,0,0,0,0,0,0,0,0,0,,
378000,5201.590993,210.6584,0,0,0,0,0,0,0,0,0,0,0,0,0,0,0,0,0,0,0,0,0,0,0,0,0,0,0,0,0,0,0,0,0,0,0,0,0,0,0,0,0,0,0,0,0,0,0,0,0,0,0,0,0,0,0,,
379800,5201.590993,210.631,0,0,0,0,0,0,0,0,0,0,0,0,0,0,0,0,0,0,0,0,0,0,0,0,0,0,0,0,0,0,0,0,0,0,0,0,0,0,0,0,0,0,0,0,0,0,0,0,0,0,0,0,0,0,0,,
381600,5201.590993,210.5929,0,0,0,0,0,0,0,0,0,0,0,0,0,0,0,0,0,0,0,0,0,0,0,0,0,0,0,0,0,0,0,0,0,0,0,0,0,0,0,0,0,0,0,0,0,0,0,0,0,0,0,0,0,0,0,,
383400,5201.590993,210.5475,0,0,0,0,0,0,0,0,0,0,0,0,0,0,0,0,0,0,0,0,0,0,0,0,0,0,0,0,0,0,0,0,0,0,0,0,0,0,0,0,0,0,0,0,0,0,0,0,0,0,0,0,0,0,0,,
385200,5201.590993,210.5,0,0,0,0,0,0,0,0,0,0,0,0,0,0,0,0,0,0,0,0,0,0,0,0,0,0,0,0,0,0,0,0,0,0,0,0,0,0,0,0,0,0,0,0,0,0,0,0,0,0,0,0,0,0,0,,
387000,5201.590993,210.4484,0,0,0,0,0,0,0,0,0,0,0,0,0,0,0,0,0,0,0,0,0,0,0,0,0,0,0,0,0,0,0,0,0,0,0,0,0,0,0,0,0,0,0,0,0,0,0,0,0,0,0,0,0,0,0,,
388800,5201.590993,210.3948,0,0,0,0,0,0,0,0,0,0,0,0,0,0,0,0,0,0,0,0,0,0,0,0,0,0,0,0,0,0,0,0,0,0,0,0,0,0,0,0,0,0,0,0,0,0,0,0,0,0,0,0,0,0,0,,
390600,5201.590993,210.3425,0,0,0,0,0,0,0,0,0,0,0,0,0,0,0,0,0,0,0,0,0,0,0,0,0,0,0,0,0,0,0,0,0,0,0,0,0,0,0,0,0,0,0,0,0,0,0,0,0,0,0,0,0,0,0,,
392400,5201.590993,210.287,0,0,0,0,0,0,0,0,0,0,0,0,0,0,0,0,0,0,0,0,0,0,0,0,0,0,0,0,0,0,0,0,0,0,0,0,0,0,0,0,0,0,0,0,0,0,0,0,0,0,0,0,0,0,0,,
394200,5201.590993,210.2379,1.08E-05,2.95E-05,3.24E-07,7.94E-07,4.70E-13,1.64E-14,1.64E-12,1.26E-13,2.98E-14,1.78E-15,1.70E-16,2.43E-13,2.05E-12,8.81E-09,4.90E-08,2.82E-10,3.70E-13,4.45E-15,2.84E-09,0,0,2.00E-06,1.35E-06,1.53E-08,2.50E-08,2.42E-09,0,1.23E-12,0,0,0,7.59E-13,4.53E-14,2.61E-16,8.79E-17,8.73E-15,7.47E-11,4.11E-10,9.84E-06,2.07E-06,2.04E-07,1.07E-14,6.14E-09,5.81E-12,0,0.00063099,8.73E-05,0,6.16E-18,2.05E-09,3.58E-06,6.67E-05,8.93E-06,5.94E-13,2.57E-09,,
396000,5201.590993,210.1942,0.007954746,0.01781109,0.00022778,0.000557668,5.72E-11,2.18E-12,2.39E-10,1.49E-11,3.90E-12,2.34E-13,2.19E-14,3.12E-11,2.36E-10,4.86E-06,2.90E-05,1.40E-07,4.69E-11,5.86E-13,1.66E-06,0,0,0.001280357,0.000864808,2.20E-06,1.63E-05,1.36E-06,0.00E+00,1.83E-10,0.00E+00,0,0,9.27E-11,5.91E-12,3.43E-14,1.12E-14,1.13E-12,3.24E-08,2.25E-07,1.07E-05,0.001458252,0.000128419,1.39E-12,3.50E-06,7.10E-10,0.00E+00,0.1264531,0.005363287,0,7.31E-16,5.86E-07,0.000267888,0.04552529,0.006030669,7.08E-11,1.47E-06,,
397800,5201.590993,210.1614,0.01133575,0.03545317,0.000368347,0.000901816,1.55E-10,5.92E-12,1.39E-09,4.04E-11,1.06E-11,6.37E-13,5.96E-14,8.50E-11,6.38E-10,1.82E-05,5.97E-05,5.30E-07,1.28E-10,1.59E-12,3.94E-06,0,0,0.002299658,0.001625884,3.51E-05,2.88E-05,3.70E-06,2.04E-23,9.77E-10,1.50E-23,0,0,2.52E-10,1.61E-11,9.32E-14,3.05E-14,3.09E-12,1.46E-07,6.86E-07,1.26E-05,0.00227218,0.000248709,3.79E-12,9.63E-06,1.93E-09,1.36E-28,0.1781311,0.007554431,0,1.99E-15,3.21E-06,0.000383391,0.07192774,0.009475397,1.92E-10,3.84E-06,,
399600,5201.590993,210.1371,0.01319781,0.04585315,0.000451701,0.001105889,3.07E-10,1.23E-11,3.36E-09,7.92E-11,2.15E-11,1.30E-12,1.20E-13,1.70E-10,1.27E-09,2.96E-05,7.78E-05,9.37E-07,2.55E-10,3.25E-12,5.60E-06,0,0,0.002885527,0.002111298,9.90E-05,3.67E-05,5.66E-06,6.83E-19,2.23E-09,2.53E-18,0,0,4.99E-10,3.27E-11,1.93E-13,6.20E-14,6.23E-12,2.90E-07,1.10E-06,1.43E-05,0.002739546,0.000325071,7.68E-12,1.48E-05,3.78E-09,4.42E-20,0.2083457,0.00888455,0,3.90E-15,9.72E-06,0.000461292,0.08624814,0.01132907,3.78E-10,5.69E-06,,
401400,5201.590993,210.1316,0.01394547,0.05170944,0.000494739,0.001211257,1.17E-09,6.45E-11,7.04E-09,2.88E-10,9.75E-11,6.36E-12,5.24E-13,7.11E-10,4.73E-09,3.79E-05,8.80E-05,1.29E-06,1.04E-09,1.54E-11,6.73E-06,0.00E+00,0.00E+00,0.003197462,0.002400621,0.000166178,4.13E-05,7.16E-06,6.32E-17,4.88E-09,4.54E-16,0.00E+00,0.00E+00,1.94E-09,1.52E-10,1.02E-12,2.90E-13,2.74E-11,4.32E-07,1.44E-06,1.56E-05,0.002965322,0.000370277,3.47E-11,1.87E-05,1.31E-08,1.44E-16,0.2178658,0.009281302,0.00E+00,1.46E-14,1.92E-05,0.000492843,0.09296651,0.01219313,1.42E-09,7.01E-06,,
403200,5201.590993,210.13,0.01525284,0.05800673,0.000550266,0.001347202,4.68E-09,3.16E-10,1.67E-08,1.14E-09,4.36E-10,2.99E-11,2.30E-12,3.00E-09,1.90E-08,4.59E-05,9.88E-05,1.65E-06,4.33E-09,7.10E-11,7.88E-06,0.00E+00,0.00E+00,0.003559318,0.002721541,0.000233906,4.66E-05,8.67E-06,7.73E-16,1.28E-08,7.86E-15,0.00E+00,0.00E+00,7.91E-09,6.90E-10,5.02E-12,1.34E-12,1.20E-10,5.94E-07,1.79E-06,1.70E-05,0.003278516,0.000419396,1.55E-10,2.27E-05,4.79E-08,1.09E-14,0.242076,0.01037733,0.00E+00,5.91E-14,3.00E-05,0.000555385,0.1021354,0.01338083,5.68E-09,8.34E-06,,
405000,5201.590993,210.1385,0.01527889,0.06011738,0.000562837,0.001377981,1.32E-08,9.66E-10,3.74E-08,3.19E-09,1.29E-09,8.99E-11,6.74E-12,8.67E-09,5.35E-08,5.06E-05,0.000102637,1.95E-06,1.24E-08,2.12E-10,8.47E-06,0.00E+00,0.00E+00,0.003656961,0.002842163,0.000288549,4.85E-05,9.60E-06,3.71E-15,3.04E-08,4.66E-14,0.00E+00,0.00E+00,2.25E-08,2.05E-09,1.54E-11,4.00E-12,3.53E-10,7.55E-07,2.03E-06,1.79E-05,0.003330626,0.000437644,4.57E-10,2.50E-05,1.30E-07,1.51E-13,0.2400377,0.01027147,0.00E+00,1.68E-13,4.07E-05,0.000558125,0.1034489,0.01354371,1.60E-08,9.09E-06,,
406800,5201.590993,210.1434,0.01585375,0.06334603,0.000590513,0.001445739,2.58E-08,2.02E-09,6.69E-08,6.18E-09,2.62E-09,1.85E-10,1.36E-11,1.72E-08,1.05E-07,5.56E-05,0.000108252,2.29E-06,2.45E-08,4.36E-10,9.16E-06,0.00E+00,0.00E+00,0.00383633,0.003018031,0.00034194,5.15E-05,1.06E-05,1.06E-14,5.59E-08,1.54E-13,0.00E+00,0.00E+00,4.42E-08,4.18E-09,3.21E-11,8.21E-12,7.13E-10,9.43E-07,2.29E-06,1.90E-05,0.003480844,0.000464067,9.25E-10,2.76E-05,2.42E-07,8.50E-13,0.2505431,0.01074844,0.00E+00,3.29E-13,5.12E-05,0.000587721,0.107687,0.01409058,3.13E-08,9.93E-06,,
408600,5201.590993,210.1448,0.01609626,0.06505137,0.000604637,0.001480319,4.54E-08,3.51E-09,1.14E-07,1.10E-08,4.54E-09,3.22E-10,2.37E-11,3.00E-08,1.88E-07,5.88E-05,0.000111256,2.63E-06,4.28E-08,7.58E-10,9.59E-06,0.00E+00,0.00E+00,0.0039271,0.003118394,0.000382485,5.32E-05,1.13E-05,2.21E-14,9.58E-08,3.54E-13,0.00E+00,0.00E+00,7.77E-08,7.27E-09,5.59E-11,1.43E-11,1.24E-09,1.14E-06,2.49E-06,1.97E-05,0.003553601,0.000478807,1.60E-09,2.93E-05,4.29E-07,2.75E-12,0.2549737,0.01095211,0.00E+00,5.85E-13,0.000060274,0.000602002,0.1096265,0.01433914,5.55E-08,1.05E-05,,
410400,5201.590993,210.1342,0.01716723,0.06892621,0.000643967,0.001576608,6.55E-08,5.10E-09,1.61E-07,1.60E-08,6.57E-09,4.68E-10,3.43E-11,4.32E-08,2.74E-07,6.33E-05,0.000117859,3.00E-06,6.17E-08,1.10E-09,1.03E-05,0.00E+00,0.00E+00,0.004163895,0.003324469,0.000426818,5.68E-05,1.23E-05,3.69E-14,1.37E-07,6.34E-13,0.00E+00,0.00E+00,1.12E-07,1.05E-08,8.14E-11,2.08E-11,1.79E-09,1.35E-06,2.73E-06,2.07E-05,0.00378435,0.00050954,2.32E-09,3.17E-05,6.16E-07,6.17E-12,0.2770109,0.01196164,0.00E+00,8.50E-13,6.95E-05,0.000654891,0.1163184,0.01521064,8.03E-08,1.13E-05,,
412200,5201.590993,210.1138,0.01674397,0.06823481,0.00063397,0.001552133,8.56E-08,6.63E-09,2.10E-07,2.10E-08,8.53E-09,6.07E-10,4.45E-11,5.60E-08,3.62E-07,6.39E-05,0.00011679,3.23E-06,8.01E-08,1.43E-09,1.03E-05,0.00E+00,0.00E+00,0.004107713,0.003300928,0.000444973,5.64E-05,1.25E-05,5.25E-14,1.78E-07,9.46E-13,0.00E+00,0.00E+00,1.46E-07,1.37E-08,1.06E-10,2.71E-11,2.33E-09,1.50E-06,2.82E-06,2.10E-05,0.003714725,0.000505597,3.00E-09,3.21E-05,8.06E-07,1.07E-11,0.268001,0.01155237,0.00E+00,1.12E-12,7.46E-05,0.000637228,0.1140799,0.01491469,1.05E-07,1.14E-05,,
414000,5201.590993,210.0737,0.01678708,0.06876993,0.000638138,0.001562337,1.03E-07,7.86E-09,2.51E-07,2.53E-08,1.01E-08,7.21E-10,5.30E-11,6.67E-08,4.37E-07,6.52E-05,0.000117754,3.45E-06,9.55E-08,1.70E-09,1.05E-05,0.00E+00,0.00E+00,0.004134032,0.003336461,0.000464382,5.71E-05,1.28E-05,6.58E-14,2.13E-07,1.22E-12,0.00E+00,0.00E+00,1.75E-07,1.62E-08,1.25E-10,3.22E-11,2.77E-09,1.64E-06,2.92E-06,2.14E-05,0.003733996,0.000510637,3.57E-09,3.29E-05,9.71E-07,1.51E-11,0.2688436,0.01159348,0.00E+00,1.34E-12,7.94E-05,0.000641122,0.1145246,0.01497048,1.27E-07,1.16E-05,,
415800,5201.590993,210.0177,0.01649686,0.06805789,0.000629735,0.001541765,1.10E-07,8.50E-09,2.68E-07,2.71E-08,1.09E-08,7.79E-10,5.71E-11,7.17E-08,4.69E-07,6.50E-05,0.000116585,3.51E-06,1.03E-07,1.83E-09,1.04E-05,0.00E+00,0.00E+00,0.004084859,0.003304251,0.000467166,5.65E-05,1.28E-05,7.39E-14,2.28E-07,1.39E-12,0.00E+00,0.00E+00,1.88E-07,1.75E-08,1.36E-10,3.48E-11,2.98E-09,1.69E-06,2.93E-06,2.14E-05,0.003680218,0.000505643,3.84E-09,3.28E-05,1.04E-06,1.80E-11,0.262814,0.01131944,0.00E+00,1.44E-12,8.05E-05,0.000628281,0.1128696,0.01475305,1.36E-07,1.16E-05,,
417600,5201.590993,209.9559,0.01660002,0.06837713,0.000633184,0.00155021,1.11E-07,8.60E-09,2.72E-07,2.75E-08,1.10E-08,7.88E-10,5.77E-11,7.25E-08,4.75E-07,6.53E-05,0.000117123,3.54E-06,1.04E-07,1.85E-09,1.05E-05,0.00E+00,0.00E+00,0.004105251,0.003320608,0.000469471,5.68E-05,1.29E-05,7.50E-14,2.31E-07,1.42E-12,0.00E+00,0.00E+00,1.91E-07,1.77E-08,1.37E-10,3.52E-11,3.02E-09,1.70E-06,2.95E-06,2.15E-05,0.003701111,0.000508095,3.89E-09,3.29E-05,1.05E-06,1.84E-11,0.2649666,0.01141789,0.00E+00,1.46E-12,8.10E-05,0.000633206,0.1134871,0.01483375,1.38E-07,1.16E-05,,
419400,5201.590993,209.8935,0.01630709,0.06743455,0.000623118,0.001525566,1.05E-07,8.10E-09,2.56E-07,2.59E-08,1.04E-08,7.43E-10,5.45E-11,6.85E-08,4.47E-07,6.43E-05,0.000115529,3.44E-06,9.80E-08,1.74E-09,1.03E-05,0.00E+00,0.00E+00,0.00404578,0.003271217,0.000460783,5.59E-05,1.27E-05,6.89E-14,2.18E-07,1.29E-12,0.00E+00,0.00E+00,1.80E-07,1.67E-08,1.29E-10,3.32E-11,2.85E-09,1.65E-06,2.89E-06,2.13E-05,0.003640763,0.000500736,3.67E-09,3.24E-05,9.91E-07,1.62E-11,0.2588337,0.01113702,0.00E+00,1.38E-12,7.91E-05,0.000618966,0.1117195,0.01460297,1.30E-07,1.15E-05,,
421200,5201.590993,209.8277,0.01626434,0.06702048,0.000619745,0.001517307,9.15E-08,7.05E-09,2.24E-07,2.25E-08,9.09E-09,6.47E-10,4.75E-11,5.97E-08,3.88E-07,6.33E-05,0.000114786,3.27E-06,8.55E-08,1.52E-09,1.02E-05,0.00E+00,0.00E+00,0.004024894,0.00324387,0.000446302,5.54E-05,1.24E-05,5.69E-14,1.90E-07,1.04E-12,0.00E+00,0.00E+00,1.57E-07,1.46E-08,1.13E-10,2.89E-11,2.48E-09,1.54E-06,2.81E-06,2.10E-05,0.003624619,0.00049686,3.20E-09,3.19E-05,8.64E-07,1.21E-11,0.2579347,0.01109363,0.00E+00,1.20E-12,7.55E-05,0.000615487,0.1113369,0.01455466,1.13E-07,1.13E-05,,
423000,5201.590993,209.7599,0.01616554,0.0662634,0.000613367,0.001501691,7.18E-08,5.59E-09,1.76E-07,1.75E-08,7.19E-09,5.12E-10,3.75E-11,4.72E-08,3.01E-07,6.17E-05,0.000113441,3.01E-06,6.75E-08,1.20E-09,9.98E-06,0.00E+00,0.00E+00,0.003985397,0.003195794,0.000423164,5.46E-05,1.20E-05,4.17E-14,1.49E-07,7.27E-13,0.00E+00,0.00E+00,1.23E-07,1.15E-08,8.91E-11,2.28E-11,1.96E-09,1.38E-06,2.69E-06,2.05E-05,0.003592735,0.00048998,2.54E-09,3.10E-05,6.75E-07,7.46E-12,0.2559105,0.01099785,0.00E+00,9.33E-13,6.98E-05,0.000608624,0.1105382,0.01445294,8.81E-08,1.10E-05,,
424800,5201.590993,209.6942,0.01614523,0.06550925,0.000608177,0.001488984,5.15E-08,4.00E-09,1.28E-07,1.25E-08,5.17E-09,3.67E-10,2.70E-11,3.40E-08,2.14E-07,5.97E-05,0.00011207,2.73E-06,4.86E-08,8.63E-10,9.72E-06,0.00E+00,0.00E+00,0.003950559,0.003145634,0.00039436,5.37E-05,1.15E-05,2.63E-14,1.08E-07,4.31E-13,0.00E+00,0.00E+00,8.83E-08,8.28E-09,6.37E-11,1.63E-11,1.41E-09,1.20E-06,2.54E-06,2.00E-05,0.003571035,0.000482805,1.82E-09,2.98E-05,4.86E-07,3.63E-12,0.2557669,0.01098871,0.00E+00,6.66E-13,6.29E-05,0.000605113,0.1100791,0.01439671,6.31E-08,1.06E-05,,
426600,5201.590993,209.6294,0.01619804,0.0646171,0.000603283,0.001477002,3.19E-08,2.46E-09,8.16E-08,7.70E-09,3.20E-09,2.27E-10,1.67E-11,2.11E-08,1.31E-07,5.71E-05,0.000110421,2.41E-06,3.02E-08,5.33E-10,9.39E-06,0.00E+00,0.00E+00,0.003913627,0.003085474,0.000356548,5.27E-05,1.09E-05,1.37E-14,6.84E-08,2.05E-13,0.00E+00,0.00E+00,5.45E-08,5.12E-09,3.92E-11,1.01E-11,8.74E-10,1.01E-06,2.37E-06,1.93E-05,0.003555573,0.000474135,1.13E-09,2.84E-05,3.01E-07,1.28E-12,0.2575898,0.01107148,0.00E+00,4.09E-13,5.42E-05,0.000604717,0.1098538,0.0143726,3.88E-08,1.02E-05,,
428400,5201.590993,209.5708,0.01583626,0.06223754,0.000583634,0.001428898,1.62E-08,1.24E-09,4.44E-08,3.87E-09,1.62E-09,1.14E-10,8.46E-12,1.08E-08,6.52E-08,5.30E-05,0.000106253,2.08E-06,1.54E-08,2.70E-10,8.83E-06,0.00E+00,0.00E+00,0.003785149,0.002951734,0.000309418,5.04E-05,1.01E-05,5.37E-15,3.65E-08,7.08E-14,0.00E+00,0.00E+00,2.77E-08,2.59E-09,1.97E-11,5.07E-12,4.44E-10,8.19E-07,2.14E-06,1.84E-05,0.003452312,0.000454194,5.76E-10,2.63E-05,1.55E-07,2.78E-13,0.2512308,0.01078315,0.00E+00,2.05E-13,4.44E-05,0.000585149,0.1070082,0.01400679,1.96E-08,9.50E-06,,
430200,5201.590993,209.5153,0.01540064,0.05906984,0.000558645,0.001367716,7.28E-09,4.91E-10,2.32E-08,1.77E-09,6.76E-10,4.64E-11,3.56E-12,4.65E-09,2.96E-08,4.77E-05,0.000100702,1.76E-06,6.71E-09,1.10E-10,8.11E-06,0.00E+00,0.00E+00,0.003616195,0.00277901,0.000252388,4.76E-05,9.02E-06,1.37E-15,1.82E-08,1.50E-14,0.00E+00,0.00E+00,1.23E-08,1.07E-09,7.81E-12,2.08E-12,1.87E-10,6.47E-07,1.87E-06,1.73E-05,0.003322283,0.000428093,2.40E-10,2.36E-05,7.43E-08,2.84E-14,0.2443373,0.01047684,0.00E+00,9.22E-14,3.35E-05,0.000562712,0.1033706,0.01353963,8.85E-09,8.62E-06,,
432000,5201.590993,209.4658,0.01468919,0.05469273,0.000522635,0.001279554,1.63E-09,1.05E-10,8.65E-09,3.94E-10,1.49E-10,1.00E-11,7.87E-13,1.04E-09,6.54E-09,4.12E-05,9.31E-05,1.42E-06,1.50E-09,2.40E-11,7.22E-06,0.00E+00,0.00E+00,0.003375886,0.00255007,0.000190478,4.37E-05,7.75E-06,1.64E-16,6.14E-09,1.34E-15,0.00E+00,0.00E+00,2.74E-09,2.34E-10,1.66E-12,4.50E-13,4.13E-11,4.85E-07,1.58E-06,1.62E-05,0.003130058,0.000393138,5.28E-11,2.00E-05,1.73E-08,7.44E-16,0.2324465,0.009880063,0.00E+00,2.04E-14,2.27E-05,0.000528463,0.09783056,0.01282513,1.97E-09,7.55E-06,,
433800,5201.590993,209.4217,0.01393593,0.04931133,0.000481526,0.001178908,3.82E-10,1.69E-11,4.14E-09,9.75E-11,2.83E-11,1.76E-12,1.56E-13,2.18E-10,1.58E-09,3.33E-05,8.37E-05,1.08E-06,3.24E-10,4.33E-12,6.15E-06,0,0,0.003086297,0.002277837,0.000122777,3.93E-05,6.32E-06,4.29E-18,2.73E-09,2.07E-17,0,0,6.26E-10,4.33E-11,2.67E-13,8.23E-14,8.11E-12,3.40E-07,1.25E-06,1.48E-05,0.002912242,0.000350947,1.00E-11,1.63E-05,4.58E-09,1.17E-18,0.2214944,0.00941023,0,4.84E-15,1.25E-05,0.000494231,0.09144866,0.01200376,4.69E-10,6.29E-06,,