{
    "box model options": {
        "grid": "box",
        "chemistry time step [min]": 5.0,
        "output time step [min]": 5.0,
        "simulation length [day]": 5.0
    },
    "chemical species": {
        "N2": {
            "initial value [mol m-3]": "2.54E-02"
        },
        "O2": {
            "initial value [mol m-3]": "6.81E-03"
        },
        "O3": {
            "initial value [mol m-3]": "6.58E-08"
        },
        "O": {
            "initial value [mol m-3]": "6.24E-09"
        },
        "O1D": {
            "initial value [mol m-3]": "5.12E-16"
        }
    },
    "environmental conditions": {
        "temperature": {
            "initial value [K]": 261.3383
        },
        "pressure": {
            "initial value [Pa]": 70.59565978
        }
    },
    "evolving conditions": {
        "Strat_50km_evolving_simplified.csv": {
        }
    },
    "model components": [
        {
            "type": "CAMP",
            "configuration file": "camp_data/config.json",
            "override species": {
                "M": {
                    "mixing ratio mol mol-1": 1.0
                }
            },
            "suppress output": {
                "M": {}
            }
        }
    ]
}