{
    "box model options": {
        "grid": "box",
        "chemistry time step [min]": 5.0,
        "output time step [min]": 5.0,
        "simulation length [day]": 5.0
    },
    "chemical species": {
        "BR": {
            "initial value [mol m-3]": "4.91E-13"
        },
        "BRCL": {
            "initial value [mol m-3]": "5.68E-14"
        },
        "BRO": {
            "initial value [mol m-3]": "9.38E-12"
        },
        "BRONO2": {
            "initial value [mol m-3]": "1.31E-12"
        },
        "CCL4": {
            "initial value [mol m-3]": "6.24E-14"
        },
        "CF2CLBR": {
            "initial value [mol m-3]": "1.92E-18"
        },
        "CF3BR": {
            "initial value [mol m-3]": "2.95E-13"
        },
        "CFC11": {
            "initial value [mol m-3]": "2.07E-12"
        },
        "CFC113": {
            "initial value [mol m-3]": "1.94E-11"
        },
        "CFC114": {
            "initial value [mol m-3]": "9.07E-12"
        },
        "CFC115": {
            "initial value [mol m-3]": "5.42E-12"
        },
        "CFC12": {
            "initial value [mol m-3]": "1.62E-10"
        },
        "CH2BR2": {
            "initial value [mol m-3]": "1.80E-21"
        },
        "CH2O": {
            "initial value [mol m-3]": "5.27E-11"
        },
        "CH3BR": {
            "initial value [mol m-3]": "6.36E-16"
        },
        "CH3CCL3": {
            "initial value [mol m-3]": "7.62E-15"
        },
        "CH3CL": {
            "initial value [mol m-3]": "1.43E-10"
        },
        "CH3O2": {
            "initial value [mol m-3]": "5.38E-13"
        },
        "CH3OOH": {
            "initial value [mol m-3]": "3.56E-12"
        },
        "CH4": {
            "initial value [mol m-3]": "9.44E-07"
        },
        "CHBR3": {
            "initial value [mol m-3]": "7.63E-29"
        },
        "CL": {
            "initial value [mol m-3]": "9.97E-14"
        },
        "CL2": {
            "initial value [mol m-3]": "6.53E-14"
        },
        "CL2O2": {
            "initial value [mol m-3]": "4.00E-14"
        },
        "CLO": {
            "initial value [mol m-3]": "1.01E-10"
        },
        "CLONO2": {
            "initial value [mol m-3]": "3.13E-10"
        },
        "CO": {
            "initial value [mol m-3]": "1.81E-08"
        },
        "CO2": {
            "initial value [mol m-3]": "2.61E-04"
        },
        "H": {
            "initial value [mol m-3]": "1.64E-17"
        },
        "H2": {
            "initial value [mol m-3]": "3.77E-07"
        },
        "H2402": {
            "initial value [mol m-3]": "7.83E-19"
        },
        "H2O": {
            "initial value [mol m-3]": "3.02E-06"
        },
        "H2O2": {
            "initial value [mol m-3]": "8.81E-11"
        },
        "HBR": {
            "initial value [mol m-3]": "3.23E-13"
        },
        "HCFC141B": {
            "initial value [mol m-3]": "3.97E-12"
        },
        "HCFC142B": {
            "initial value [mol m-3]": "1.38E-11"
        },
        "HCFC22": {
            "initial value [mol m-3]": "1.40E-10"
        },
        "HCL": {
            "initial value [mol m-3]": "9.04E-10"
        },
        "HNO3": {
            "initial value [mol m-3]": "1.62E-09"
        },
        "HO2": {
            "initial value [mol m-3]": "2.74E-11"
        },
        "HO2NO2": {
            "initial value [mol m-3]": "1.18E-10"
        },
        "HOBR": {
            "initial value [mol m-3]": "1.23E-12"
        },
        "HOCL": {
            "initial value [mol m-3]": "4.17E-11"
        },
        "N": {
            "initial value [mol m-3]": "1.07E-17"
        },
        "N2": {
            "initial value [mol m-3]": "5.14E-01"
        },
        "N2D": {
            "initial value [mol m-3]": "5.71E-25"
        },
        "N2O": {
            "initial value [mol m-3]": "1.39E-07"
        },
        "N2O5": {
            "initial value [mol m-3]": "1.68E-10"
        },
        "NO": {
            "initial value [mol m-3]": "2.27E-09"
        },
        "NO2": {
            "initial value [mol m-3]": "2.77E-09"
        },
        "NO3": {
            "initial value [mol m-3]": "2.83E-13"
        },
        "O": {
            "initial value [mol m-3]": "1.01E-10"
        },
        "O1D": {
            "initial value [mol m-3]": "3.55E-17"
        },
        "O2": {
            "initial value [mol m-3]": "1.38E-01"
        },
        "O3": {
            "initial value [mol m-3]": "6.11E-06"
        },
        "OCLO": {
            "initial value [mol m-3]": "6.16E-14"
        },
        "OH": {
            "initial value [mol m-3]": "6.27E-12"
        }
    },
    "environmental conditions": {
        "temperature": {
            "initial value [K]": 227.4578
        },
        "pressure": {
            "initial value [Pa]": 1246.014982
        }
    },
    "evolving conditions": {
        "Strat_30km_evolving.csv": {
        }
    },
    "model components": [
        {
            "type": "CAMP",
            "configuration file": "camp_data/config.json",
            "override species": {
                "M": {
                    "mixing ratio mol mol-1": 1.0
                }
            },
            "suppress output": {
                "M": {}
            }
        }
    ]
}