{
    "box model options": {
        "grid": "box",
        "chemistry time step [min]": 5.0,
        "output time step [min]": 5.0,
        "simulation length [day]": 5.0
    },
    "chemical species": {
        "N2": {
            "initial value [mol m-3]": "2.28"
        },
        "O2": {
            "initial value [mol m-3]": "6.13E-01"
        },
        "O3": {
            "initial value [mol m-3]": "5.35E-06"
        },
        "O": {
            "initial value [mol m-3]": "3.33E-12"
        },
        "O1D": {
            "initial value [mol m-3]": "1.82E-18"
        }
    },
    "environmental conditions": {
        "temperature": {
            "initial value [K]": 213.8966
        },
        "pressure": {
            "initial value [Pa]": 5201.590993
        }
    },
    "evolving conditions": {
        "Strat_30km_evolving_simplified.csv": {
        }
    },
    "model components": [
        {
            "type": "CAMP",
            "configuration file": "camp_data/config.json",
            "override species": {
                "M": {
                    "mixing ratio mol mol-1": 1.0
                }
            },
            "suppress output": {
                "M": {}
            }
        }
    ]
}